CODI_PROVINCIA,PROVINCIA,CODI_MUNICIPI,MUNICIPI,ESTACIO,CODI_CONTAMINANT,ANY,MES,DIA,H01,V01,H02,V02,H03,V03,H04,V04,H05,V05,H06,V06,H07,V07,H08,V08,H09,V09,H10,V10,H11,V11,H12,V12,H13,V13,H14,V14,H15,V15,H16,V16,H17,V17,H18,V18,H19,V19,H20,V20,H21,V21,H22,V22,H23,V23,H24,V24
8,Barcelona,19,Barcelona,43,999,2025,2,19,9.7,V,14.7,V,12.9,V,14.8,V,21.2,V,21.5,V,17.2,V,14.6,V,18.6,V,17.5,V,18.8,V,20.5,V,20.4,V,22.5,V,23.1,V,24.0,V,22.9,V,,N,23.7,V,23.3,V,24.3,V,24.1,V,26.6,V,25.6,V
8,Barcelona,19,Barcelona,43,999,2025,2,20,27.5,V,28.0,V,27.5,V,26.4,V,27.4,V,23.1,V,23.4,V,25.9,V,26.6,V,20.2,V,20.3,V,23.4,V,20.4,V,21.3,V,22.9,V,18.9,V,18.8,V,15.8,V,17.1,V,13.8,V,15.8,V,17.5,V,14.1,V,16.4,V
8,Barcelona,19,Barcelona,43,999,2025,2,21,,N,19.8,V,22.7,V,18.6,V,19.9,V,18.9,V,17.4,V,17.9,V,17.6,V,17.8,V,18.0,V,19.7,V,22.0,V,20.3,V,17.6,V,16.1,V,15.8,V,17.6,V,14.3,V,18.8,V,19.3,V,15.4,V,20.4,V,14.6,V
8,Barcelona,19,Barcelona,43,999,2025,2,22,18.1,V,,N,,N,,N,,N,,N,,N,,N,,N,,N,,N,,N,,N,,N,,N,,N,,N,,N,,N,,N,,N,,N,,N,,N
8,Barcelona,19,Barcelona,54,999,2025,2,19,12.7,V,10.8,V,9.0,V,9.3,V,11.1,V,10.8,V,12.1,V,12.1,V,11.3,V,11.0,V,13.0,V,,N,,N,17.6,V,17.7,V,17.3,V,15.5,V,16.4,V,16.3,V,18.0,V,19.6,V,22.7,V,23.0,V,23.2,V
8,Barcelona,19,Barcelona,54,999,2025,2,20,17.0,V,23.9,V,26.4,V,26.0,V,26.1,V,25.5,V,22.4,V,21.9,V,22.1,V,18.7,V,19.0,V,20.1,V,19.2,V,18.6,V,18.3,V,18.1,V,17.3,V,14.1,V,13.5,V,16.0,V,19.2,V,20.1,V,16.2,V,20.1,V
8,Barcelona,19,Barcelona,54,999,2025,2,21,,N,22.8,V,21.0,V,19.4,V,18.4,V,16.7,V,15.9,V,14.5,V,14.0,V,13.2,V,13.8,V,14.1,V,16.8,V,17.3,V,17.6,V,18.1,V,17.9,V,19.7,V,18.8,V,16.9,V,16.9,V,16.6,V,18.9,V,17.3,V
8,Barcelona,19,Barcelona,54,999,2025,2,22,15.4,V,,N,,N,,N,,N,,N,,N,,N,,N,,N,,N,,N,,N,,N,,N,,N,,N,,N,,N,,N,,N,,N,,N,,N
8,Barcelona,19,Barcelona,43,22,2025,2,19,3274.0,V,2114.0,V,1803.0,V,1648.0,V,2470.0,V,1957.0,V,1724.0,V,2329.0,V,2247.0,V,2271.0,V,1764.0,V,1940.0,V,1124.0,V,1138.0,V,1020.0,V,865.0,V,916.0,V,,N,948.0,V,1087.0,V,928.0,V,938.0,V,1105.0,V,1059.0,V
8,Barcelona,19,Barcelona,43,22,2025,2,20,1036.0,V,917.0,V,834.0,V,920.0,V,686.0,V,1063.0,V,1033.0,V,1285.0,V,1414.0,V,1985.0,V,1714.0,V,1501.0,V,1903.0,V,2565.0,V,1481.0,V,3530.0,V,2725.0,V,4288.0,V,2418.0,V,1811.0,V,1798.0,V,1735.0,V,1640.0,V,1882.0,V
8,Barcelona,19,Barcelona,43,22,2025,2,21,,N,1433.0,V,904.0,V,888.0,V,666.0,V,727.0,V,915.0,V,1196.0,V,2216.0,V,2274.0,V,1477.0,V,1718.0,V,1904.0,V,1945.0,V,2077.0,V,2257.0,V,2397.0,V,2180.0,V,1681.0,V,2570.0,V,2589.0,V,2202.0,V,1491.0,V,1300.0,V
8,Barcelona,19,Barcelona,43,22,2025,2,22,1003.0,V,,N,,N,,N,,N,,N,,N,,N,,N,,N,,N,,N,,N,,N,,N,,N,,N,,N,,N,,N,,N,,N,,N,,N
8,Barcelona,19,Barcelona,54,22,2025,2,19,988.0,V,940.0,V,1000.0,V,986.0,V,1077.0,V,1994.0,V,2002.0,V,1994.0,V,1451.0,V,1556.0,V,1223.0,V,,N,,N,596.0,V,613.0,V,642.0,V,687.0,V,691.0,V,737.0,V,733.0,V,730.0,V,865.0,V,902.0,V,972.0,V
8,Barcelona,19,Barcelona,54,22,2025,2,20,1180.0,V,912.0,V,723.0,V,646.0,V,680.0,V,739.0,V,860.0,V,933.0,V,1170.0,V,1332.0,V,990.0,V,901.0,V,907.0,V,757.0,V,789.0,V,809.0,V,813.0,V,1090.0,V,1082.0,V,1002.0,V,872.0,V,870.0,V,898.0,V,659.0,V
8,Barcelona,19,Barcelona,54,22,2025,2,21,,N,572.0,V,538.0,V,549.0,V,559.0,V,655.0,V,775.0,V,887.0,V,1004.0,V,1499.0,V,1227.0,V,1019.0,V,1020.0,V,980.0,V,850.0,V,881.0,V,1132.0,V,997.0,V,1093.0,V,1165.0,V,1583.0,V,1245.0,V,976.0,V,1035.0,V
8,Barcelona,19,Barcelona,54,22,2025,2,22,1337.0,V,,N,,N,,N,,N,,N,,N,,N,,N,,N,,N,,N,,N,,N,,N,,N,,N,,N,,N,,N,,N,,N,,N,,N
8,Barcelona,19,Barcelona,43,6,2025,2,19,,N,,N,,N,,N,,N,,N,,N,,N,,N,,N,,N,,N,,N,,N,,N,,N,,N,,N,,N,,N,,N,,N,,N,,N
8,Barcelona,19,Barcelona,43,6,2025,2,20,,N,,N,,N,,N,,N,,N,,N,,N,,N,,N,,N,,N,,N,,N,,N,,N,,N,,N,,N,,N,,N,,N,,N,,N
8,Barcelona,19,Barcelona,43,6,2025,2,21,,N,,N,,N,,N,,N,,N,,N,,N,,N,,N,,N,,N,,N,,N,,N,,N,,N,,N,,N,,N,,N,,N,,N,,N
8,Barcelona,19,Barcelona,43,6,2025,2,22,,N,,N,,N,,N,,N,,N,,N,,N,,N,,N,,N,,N,,N,,N,,N,,N,,N,,N,,N,,N,,N,,N,,N,,N
8,Barcelona,19,Barcelona,57,6,2025,2,19,0.2,V,0.1,V,0.2,V,0.1,V,0.2,V,0.1,V,0.2,V,0.3,V,0.4,V,0.4,V,0.5,V,0.5,V,0.4,V,0.3,V,0.2,V,0.3,V,0.4,V,0.3,V,0.3,V,0.3,V,0.3,V,0.2,V,0.3,V,0.2,V
8,Barcelona,19,Barcelona,57,6,2025,2,20,0.2,V,0.3,V,0.2,V,0.2,V,0.2,V,0.2,V,0.2,V,0.3,V,0.2,V,0.3,V,0.3,V,,N,,N,,N,,N,0.2,V,0.8,V,0.4,V,0.3,V,0.1,V,0.1,V,0.1,V,0.1,V,0.1,V
8,Barcelona,19,Barcelona,57,6,2025,2,21,0.1,V,0.1,V,0.1,V,0.1,V,0.1,V,0.1,V,0.1,V,0.1,V,0.2,V,0.2,V,0.2,V,0.2,V,0.2,V,0.2,V,0.2,V,0.2,V,0.2,V,0.2,V,0.2,V,0.2,V,0.1,V,0.2,V,0.1,V,0.2,V
8,Barcelona,19,Barcelona,57,6,2025,2,22,0.2,V,,N,,N,,N,,N,,N,,N,,N,,N,,N,,N,,N,,N,,N,,N,,N,,N,,N,,N,,N,,N,,N,,N,,N
8,Barcelona,19,Barcelona,57,106,2025,2,19,0.15,V,0.13,V,0.16,V,0.15,V,0.14,V,0.14,V,0.2,V,0.26,V,0.38,V,0.41,V,0.46,V,0.47,V,0.4,V,0.34,V,0.21,V,0.35,V,0.37,V,0.33,V,0.26,V,0.24,V,0.25,V,0.23,V,0.26,V,0.24,V
8,Barcelona,19,Barcelona,57,106,2025,2,20,0.22,V,0.25,V,0.24,V,0.23,V,0.2,V,0.18,V,0.24,V,0.31,V,0.21,V,0.28,V,0.31,V,,N,,N,,N,,N,0.2,V,0.81,V,0.36,V,0.31,V,0.11,V,0.08,V,0.06,V,0.05,V,0.06,V
8,Barcelona,19,Barcelona,57,106,2025,2,21,0.05,V,0.04,V,0.03,V,0.03,V,0.03,V,0.04,V,0.04,V,0.09,V,0.16,V,0.23,V,0.23,V,0.23,V,0.18,V,0.23,V,0.14,V,0.18,V,0.22,V,0.18,V,0.2,V,0.22,V,0.11,V,0.18,V,0.13,V,0.14,V
8,Barcelona,19,Barcelona,57,106,2025,2,22,0.16,V,,N,,N,,N,,N,,N,,N,,N,,N,,N,,N,,N,,N,,N,,N,,N,,N,,N,,N,,N,,N,,N,,N,,N
8,Barcelona,19,Barcelona,54,6,2025,2,19,0.2,V,0.2,V,0.2,V,0.2,V,0.2,V,0.3,V,0.4,V,0.3,V,0.3,V,0.2,V,0.2,V,,N,,N,0.2,V,0.2,V,0.2,V,0.2,V,0.2,V,0.2,V,0.2,V,0.2,V,0.2,V,0.2,V,0.2,V
8,Barcelona,19,Barcelona,54,6,2025,2,20,0.2,V,0.2,V,0.2,V,0.2,V,0.2,V,0.2,V,0.2,V,0.2,V,0.3,V,0.3,V,0.2,V,0.2,V,0.2,V,,N,0.2,V,0.2,V,0.2,V,0.2,V,0.2,V,0.2,V,0.2,V,0.2,V,0.2,V,0.2,V
8,Barcelona,19,Barcelona,54,6,2025,2,21,0.2,V,0.2,V,0.2,V,0.2,V,0.2,V,0.2,V,0.2,V,0.2,V,0.2,V,0.3,V,0.2,V,0.2,V,0.2,V,0.2,V,0.2,V,0.2,V,0.2,V,0.2,V,0.2,V,0.2,V,0.3,V,0.2,V,0.2,V,0.2,V
8,Barcelona,19,Barcelona,54,6,2025,2,22,0.2,V,,N,,N,,N,,N,,N,,N,,N,,N,,N,,N,,N,,N,,N,,N,,N,,N,,N,,N,,N,,N,,N,,N,,N
8,Barcelona,19,Barcelona,43,997,2025,2,19,3888.5,V,3885.1,V,3885.0,V,3885.0,V,3885.0,V,3884.0,V,3894.1,V,3896.5,V,3889.7,V,3885.4,V,3885.0,V,3885.0,V,3885.0,V,3885.0,V,3884.9,V,3884.2,V,3882.5,V,,N,3909.0,V,3906.5,V,3900.9,V,3897.3,V,3897.0,V,3897.0,V
8,Barcelona,19,Barcelona,43,997,2025,2,20,3897.0,V,3896.7,V,3894.7,V,3889.6,V,3886.1,V,3885.0,V,3885.0,V,3885.0,V,3885.0,V,3891.4,V,3885.8,V,3885.0,V,3885.0,V,3884.4,V,3879.4,V,3873.6,V,3873.0,V,3911.3,V,3913.5,V,3909.0,V,3909.0,V,3909.0,V,3908.5,V,3905.8,V
8,Barcelona,19,Barcelona,43,997,2025,2,21,,N,3897.0,V,3897.0,V,3897.0,V,3897.0,V,3897.0,V,3897.0,V,3896.4,V,3890.7,V,3885.6,V,3885.0,V,3885.0,V,3885.0,V,3891.9,V,3890.2,V,3885.1,V,3885.0,V,3885.0,V,3885.0,V,3883.3,V,3876.8,V,3897.6,V,3897.0,V,3895.6,V
8,Barcelona,19,Barcelona,43,997,2025,2,22,3891.2,V,,N,,N,,N,,N,,N,,N,,N,,N,,N,,N,,N,,N,,N,,N,,N,,N,,N,,N,,N,,N,,N,,N,,N
8,Barcelona,19,Barcelona,54,997,2025,2,19,3930.0,V,3930.0,V,3930.0,V,3930.0,V,3930.0,V,3943.2,V,3943.0,V,3943.0,V,3943.0,V,3941.3,V,3933.3,V,,N,,N,3930.0,V,3930.0,V,3930.0,V,3930.0,V,3929.7,V,3928.3,V,3926.3,V,3921.2,V,3918.5,V,3918.0,V,3918.0,V
8,Barcelona,19,Barcelona,54,997,2025,2,20,3918.0,V,3918.0,V,3917.6,V,3912.6,V,3905.8,V,3905.0,V,3905.0,V,3905.0,V,3905.0,V,3943.0,V,3943.0,V,3943.0,V,3943.0,V,3942.5,V,3937.5,V,3934.9,V,3934.4,V,3930.2,V,3930.0,V,3930.0,V,3930.0,V,3930.0,V,3930.0,V,3929.6,V
8,Barcelona,19,Barcelona,54,997,2025,2,21,,N,3943.0,V,3943.0,V,3943.0,V,3943.0,V,3941.5,V,3936.7,V,3931.6,V,3930.0,V,3930.0,V,3930.0,V,3930.0,V,3930.0,V,3930.0,V,3930.0,V,3930.0,V,3930.0,V,3927.4,V,3920.9,V,3933.3,V,3943.0,V,3943.0,V,3941.0,V,3934.1,V
8,Barcelona,19,Barcelona,54,997,2025,2,22,3930.1,V,,N,,N,,N,,N,,N,,N,,N,,N,,N,,N,,N,,N,,N,,N,,N,,N,,N,,N,,N,,N,,N,,N,,N
8,Barcelona,19,Barcelona,43,996,2025,2,19,1110.6,V,1113.9,V,1114.0,V,1114.0,V,1114.0,V,1115.0,V,1104.9,V,1102.5,V,1109.3,V,1113.7,V,1114.0,V,1114.0,V,1114.0,V,1114.0,V,1114.1,V,1114.9,V,1116.5,V,,N,1090.1,V,1092.5,V,1098.2,V,1101.7,V,1102.0,V,1102.0,V
8,Barcelona,19,Barcelona,43,996,2025,2,20,1102.0,V,1102.3,V,1104.4,V,1109.4,V,1113.0,V,1114.0,V,1114.0,V,1114.0,V,1114.0,V,1107.6,V,1113.2,V,1114.0,V,1114.0,V,1114.6,V,1119.6,V,1125.4,V,1126.0,V,1087.7,V,1085.5,V,1090.0,V,1090.0,V,1090.0,V,1090.6,V,1093.2,V
8,Barcelona,19,Barcelona,43,996,2025,2,21,,N,1102.0,V,1102.0,V,1102.0,V,1102.0,V,1102.0,V,1102.0,V,1102.6,V,1108.3,V,1113.4,V,1114.0,V,1114.0,V,1114.0,V,1107.1,V,1108.8,V,1113.9,V,1114.0,V,1114.0,V,1114.0,V,1115.7,V,1122.2,V,1101.5,V,1102.0,V,1103.4,V
8,Barcelona,19,Barcelona,43,996,2025,2,22,1107.8,V,,N,,N,,N,,N,,N,,N,,N,,N,,N,,N,,N,,N,,N,,N,,N,,N,,N,,N,,N,,N,,N,,N,,N
8,Barcelona,19,Barcelona,54,996,2025,2,19,1039.0,V,1039.0,V,1039.0,V,1039.0,V,1039.0,V,1025.9,V,1026.0,V,1026.0,V,1026.0,V,1027.7,V,1035.7,V,,N,,N,1039.0,V,1039.0,V,1039.0,V,1039.0,V,1039.3,V,1040.7,V,1042.7,V,1047.8,V,1050.5,V,1051.0,V,1051.0,V
8,Barcelona,19,Barcelona,54,996,2025,2,20,1051.0,V,1051.0,V,1051.4,V,1056.4,V,1063.2,V,1064.0,V,1064.0,V,1064.0,V,1064.0,V,1026.0,V,1026.0,V,1026.0,V,1026.0,V,1026.5,V,1031.5,V,1034.1,V,1034.6,V,1038.8,V,1039.0,V,1039.0,V,1039.0,V,1039.0,V,1039.0,V,1039.4,V
8,Barcelona,19,Barcelona,54,996,2025,2,21,,N,1026.0,V,1026.0,V,1026.0,V,1026.1,V,1027.5,V,1032.4,V,1037.5,V,1039.0,V,1039.0,V,1039.0,V,1039.0,V,1039.0,V,1039.0,V,1039.0,V,1039.0,V,1039.0,V,1041.6,V,1048.1,V,1035.7,V,1026.0,V,1026.0,V,1028.1,V,1034.9,V
8,Barcelona,19,Barcelona,54,996,2025,2,22,1038.9,V,,N,,N,,N,,N,,N,,N,,N,,N,,N,,N,,N,,N,,N,,N,,N,,N,,N,,N,,N,,N,,N,,N,,N
8,Barcelona,19,Barcelona,43,998,2025,2,19,4999.0,V,4999.0,V,4999.0,V,4999.0,V,4999.0,V,4999.0,V,4999.0,V,4999.0,V,4999.0,V,4999.0,V,4999.0,V,4999.0,V,4999.0,V,4999.0,V,4999.0,V,4999.0,V,4999.0,V,,N,4999.0,V,4999.0,V,4999.0,V,4999.0,V,4999.0,V,4999.0,V
8,Barcelona,19,Barcelona,43,998,2025,2,20,4999.0,V,4999.0,V,4999.0,V,4999.0,V,4999.0,V,4999.0,V,4999.0,V,4999.0,V,4999.0,V,4999.0,V,4999.0,V,4999.0,V,4999.0,V,4999.0,V,4999.0,V,4999.0,V,4999.0,V,4999.0,V,4999.0,V,4999.0,V,4999.0,V,4999.0,V,4999.0,V,4999.0,V
8,Barcelona,19,Barcelona,43,998,2025,2,21,,N,4999.0,V,4999.0,V,4999.0,V,4999.0,V,4999.0,V,4999.0,V,4999.0,V,4999.0,V,4999.0,V,4999.0,V,4999.0,V,4999.0,V,4999.0,V,4999.0,V,4999.0,V,4999.0,V,4999.0,V,4999.0,V,4999.0,V,4999.0,V,4999.1,V,4999.0,V,4999.0,V
8,Barcelona,19,Barcelona,43,998,2025,2,22,4999.0,V,,N,,N,,N,,N,,N,,N,,N,,N,,N,,N,,N,,N,,N,,N,,N,,N,,N,,N,,N,,N,,N,,N,,N
8,Barcelona,19,Barcelona,54,998,2025,2,19,4969.0,V,4969.0,V,4969.0,V,4969.0,V,4969.0,V,4969.0,V,4969.0,V,4969.0,V,4969.0,V,4969.0,V,4969.0,V,,N,,N,4969.0,V,4969.0,V,4969.0,V,4969.0,V,4969.0,V,4969.0,V,4969.0,V,4969.0,V,4969.0,V,4969.0,V,4969.0,V
8,Barcelona,19,Barcelona,54,998,2025,2,20,4969.0,V,4969.0,V,4969.0,V,4969.0,V,4969.0,V,4969.0,V,4969.0,V,4969.0,V,4969.0,V,4969.0,V,4969.0,V,4969.0,V,4969.0,V,4969.0,V,4969.0,V,4969.0,V,4969.0,V,4969.0,V,4969.0,V,4969.0,V,4969.0,V,4969.0,V,4969.0,V,4969.0,V
8,Barcelona,19,Barcelona,54,998,2025,2,21,,N,4969.0,V,4969.0,V,4969.0,V,4969.0,V,4969.0,V,4969.0,V,4969.0,V,4969.0,V,4969.0,V,4969.0,V,4969.0,V,4969.0,V,4969.0,V,4969.0,V,4969.0,V,4969.0,V,4969.0,V,4969.0,V,4969.0,V,4969.0,V,4969.0,V,4969.0,V,4969.0,V
8,Barcelona,19,Barcelona,54,998,2025,2,22,4969.0,V,,N,,N,,N,,N,,N,,N,,N,,N,,N,,N,,N,,N,,N,,N,,N,,N,,N,,N,,N,,N,,N,,N,,N
8,Barcelona,19,Barcelona,50,7,2025,2,19,4.0,V,11.0,V,5.0,V,5.0,V,3.0,V,1.0,V,1.0,V,2.0,V,10.0,V,12.0,V,11.0,V,4.0,V,2.0,V,2.0,V,1.0,V,1.0,V,1.0,V,1.0,V,1.0,V,1.0,V,1.0,V,1.0,V,1.0,V,1.0,V
8,Barcelona,19,Barcelona,50,7,2025,2,20,1.0,V,1.0,V,1.0,V,1.0,V,1.0,V,1.0,V,1.0,V,3.0,V,1.0,V,2.0,V,2.0,V,1.0,V,1.0,V,3.0,V,1.0,V,1.0,V,1.0,V,1.0,V,1.0,V,2.0,V,1.0,V,1.0,V,1.0,V,1.0,V
8,Barcelona,19,Barcelona,50,7,2025,2,21,1.0,V,1.0,V,1.0,V,1.0,V,1.0,V,1.0,V,1.0,V,2.0,V,2.0,V,4.0,V,5.0,V,17.0,V,12.0,V,6.0,V,5.0,V,2.0,V,1.0,V,1.0,V,2.0,V,10.0,V,1.0,V,8.0,V,1.0,V,1.0,V
8,Barcelona,19,Barcelona,50,7,2025,2,22,1.0,V,,N,,N,,N,,N,,N,,N,,N,,N,,N,,N,,N,,N,,N,,N,,N,,N,,N,,N,,N,,N,,N,,N,,N
8,Barcelona,19,Barcelona,43,7,2025,2,19,5.0,V,4.0,V,2.0,V,2.0,V,15.0,V,5.0,V,4.0,V,17.0,V,17.0,V,18.0,V,11.0,V,12.0,V,6.0,V,7.0,V,5.0,V,4.0,V,4.0,V,4.0,V,4.0,V,3.0,V,3.0,V,2.0,V,4.0,V,2.0,V
8,Barcelona,19,Barcelona,43,7,2025,2,20,1.0,V,3.0,V,1.0,V,1.0,V,1.0,V,2.0,V,2.0,V,9.0,V,9.0,V,9.0,V,11.0,V,8.0,V,15.0,V,17.0,V,7.0,V,20.0,V,16.0,V,25.0,V,16.0,V,6.0,V,8.0,V,6.0,V,3.0,V,7.0,V
8,Barcelona,19,Barcelona,43,7,2025,2,21,3.0,V,2.0,V,2.0,V,1.0,V,1.0,V,2.0,V,4.0,V,10.0,V,16.0,V,19.0,V,7.0,V,8.0,V,12.0,V,17.0,V,15.0,V,14.0,V,18.0,V,16.0,V,6.0,V,21.0,V,15.0,V,10.0,V,7.0,V,1.0,V
8,Barcelona,19,Barcelona,43,7,2025,2,22,1.0,V,,N,,N,,N,,N,,N,,N,,N,,N,,N,,N,,N,,N,,N,,N,,N,,N,,N,,N,,N,,N,,N,,N,,N
8,Barcelona,19,Barcelona,44,7,2025,2,19,6.0,V,5.0,V,3.0,V,5.0,V,4.0,V,8.0,V,10.0,V,9.0,V,14.0,V,13.0,V,14.0,V,21.0,V,15.0,V,14.0,V,6.0,V,14.0,V,14.0,V,12.0,V,18.0,V,4.0,V,3.0,V,3.0,V,2.0,V,3.0,V
8,Barcelona,19,Barcelona,44,7,2025,2,20,2.0,V,2.0,V,1.0,V,2.0,V,1.0,V,2.0,V,2.0,V,10.0,V,26.0,V,14.0,V,,N,,N,27.0,V,20.0,V,9.0,V,18.0,V,20.0,V,14.0,V,13.0,V,3.0,V,2.0,V,3.0,V,2.0,V,2.0,V
8,Barcelona,19,Barcelona,44,7,2025,2,21,1.0,V,3.0,V,2.0,V,4.0,V,1.0,V,2.0,V,3.0,V,13.0,V,19.0,V,34.0,V,12.0,V,16.0,V,19.0,V,19.0,V,6.0,V,5.0,V,7.0,V,7.0,V,7.0,V,5.0,V,4.0,V,3.0,V,3.0,V,2.0,V
8,Barcelona,19,Barcelona,44,7,2025,2,22,3.0,V,,N,,N,,N,,N,,N,,N,,N,,N,,N,,N,,N,,N,,N,,N,,N,,N,,N,,N,,N,,N,,N,,N,,N
8,Barcelona,19,Barcelona,58,7,2025,2,19,1.0,V,1.0,V,1.0,V,1.0,V,1.0,V,1.0,V,1.0,V,1.0,V,1.0,V,1.0,V,,N,,N,,N,1.0,V,1.0,V,1.0,V,1.0,V,1.0,V,1.0,V,1.0,V,1.0,V,1.0,V,1.0,V,1.0,V
8,Barcelona,19,Barcelona,58,7,2025,2,20,1.0,V,1.0,V,1.0,V,1.0,V,1.0,V,1.0,V,1.0,V,1.0,V,1.0,V,1.0,V,1.0,V,1.0,V,1.0,V,2.0,V,2.0,V,2.0,V,2.0,V,1.0,V,1.0,V,1.0,V,1.0,V,1.0,V,1.0,V,1.0,V
8,Barcelona,19,Barcelona,58,7,2025,2,21,1.0,V,1.0,V,1.0,V,1.0,V,1.0,V,1.0,V,1.0,V,1.0,V,1.0,V,1.0,V,1.0,V,1.0,V,1.0,V,1.0,V,1.0,V,1.0,V,1.0,V,1.0,V,1.0,V,1.0,V,2.0,V,1.0,V,1.0,V,1.0,V
8,Barcelona,19,Barcelona,58,7,2025,2,22,1.0,V,,N,,N,,N,,N,,N,,N,,N,,N,,N,,N,,N,,N,,N,,N,,N,,N,,N,,N,,N,,N,,N,,N,,N
8,Barcelona,19,Barcelona,57,7,2025,2,19,2.0,V,1.0,V,1.0,V,1.0,V,1.0,V,1.0,V,4.0,V,6.0,V,3.0,V,4.0,V,5.0,V,5.0,V,5.0,V,4.0,V,1.0,V,3.0,V,4.0,V,1.0,V,1.0,V,1.0,V,1.0,V,1.0,V,1.0,V,1.0,V
8,Barcelona,19,Barcelona,57,7,2025,2,20,1.0,V,1.0,V,1.0,V,1.0,V,1.0,V,1.0,V,1.0,V,1.0,V,2.0,V,2.0,V,2.0,V,,N,,N,,N,,N,3.0,V,5.0,V,8.0,V,10.0,V,1.0,V,1.0,V,1.0,V,1.0,V,1.0,V
8,Barcelona,19,Barcelona,57,7,2025,2,21,1.0,V,1.0,V,1.0,V,1.0,V,1.0,V,1.0,V,1.0,V,1.0,V,3.0,V,3.0,V,3.0,V,3.0,V,2.0,V,3.0,V,2.0,V,2.0,V,2.0,V,1.0,V,1.0,V,1.0,V,1.0,V,1.0,V,1.0,V,1.0,V
8,Barcelona,19,Barcelona,57,7,2025,2,22,1.0,V,,N,,N,,N,,N,,N,,N,,N,,N,,N,,N,,N,,N,,N,,N,,N,,N,,N,,N,,N,,N,,N,,N,,N
8,Barcelona,19,Barcelona,57,107,2025,2,19,1.49,V,0.91,V,0.54,V,0.62,V,0.23,V,0.95,V,3.89,V,6.09,V,3.1,V,3.92,V,5.03,V,5.25,V,5.11,V,4.15,V,1.28,V,2.86,V,3.96,V,1.3,V,0.58,V,0.25,V,0.36,V,0.43,V,0.29,V,0.4,V
8,Barcelona,19,Barcelona,57,107,2025,2,20,0.16,V,0.39,V,0.31,V,0.18,V,0.21,V,0.14,V,0.39,V,0.59,V,1.72,V,1.57,V,1.94,V,,N,,N,,N,,N,2.77,V,4.87,V,7.43,V,9.66,V,0.78,V,0.39,V,0.35,V,0.31,V,0.22,V
8,Barcelona,19,Barcelona,57,107,2025,2,21,0.27,V,0.47,V,0.19,V,0.37,V,0.26,V,0.44,V,0.22,V,0.86,V,3.23,V,3.3,V,2.41,V,3.13,V,2.34,V,2.58,V,1.83,V,1.81,V,1.57,V,1.25,V,0.91,V,0.52,V,0.32,V,0.47,V,0.13,V,0.41,V
8,Barcelona,19,Barcelona,57,107,2025,2,22,0.43,V,,N,,N,,N,,N,,N,,N,,N,,N,,N,,N,,N,,N,,N,,N,,N,,N,,N,,N,,N,,N,,N,,N,,N
8,Barcelona,19,Barcelona,4,7,2025,2,19,11.0,V,17.0,V,11.0,V,8.0,V,2.0,V,2.0,V,4.0,V,18.0,V,35.0,V,34.0,V,26.0,V,8.0,V,1.0,V,1.0,V,1.0,V,1.0,V,1.0,V,1.0,V,1.0,V,1.0,V,1.0,V,1.0,V,1.0,V,1.0,V
8,Barcelona,19,Barcelona,4,7,2025,2,20,1.0,V,1.0,V,1.0,V,1.0,V,1.0,V,1.0,V,2.0,V,1.0,V,1.0,V,1.0,V,1.0,V,1.0,V,2.0,V,1.0,V,1.0,V,1.0,V,1.0,V,1.0,V,1.0,V,1.0,V,1.0,V,1.0,V,1.0,V,1.0,V
8,Barcelona,19,Barcelona,4,7,2025,2,21,1.0,V,1.0,V,1.0,V,1.0,V,1.0,V,1.0,V,1.0,V,1.0,V,1.0,V,2.0,V,6.0,V,3.0,V,7.0,V,3.0,V,2.0,V,1.0,V,1.0,V,2.0,V,1.0,V,2.0,V,1.0,V,1.0,V,1.0,V,1.0,V
8,Barcelona,19,Barcelona,4,7,2025,2,22,1.0,V,,N,,N,,N,,N,,N,,N,,N,,N,,N,,N,,N,,N,,N,,N,,N,,N,,N,,N,,N,,N,,N,,N,,N
8,Barcelona,19,Barcelona,42,7,2025,2,19,1.0,V,1.0,V,1.0,V,1.0,V,2.0,V,4.0,V,1.0,V,1.0,V,3.0,V,4.0,V,6.0,V,7.0,V,2.0,V,3.0,V,2.0,V,2.0,V,2.0,V,1.0,V,1.0,V,1.0,V,1.0,V,1.0,V,1.0,V,1.0,V
8,Barcelona,19,Barcelona,42,7,2025,2,20,1.0,V,1.0,V,1.0,V,1.0,V,1.0,V,1.0,V,1.0,V,1.0,V,2.0,V,2.0,V,3.0,V,3.0,V,3.0,V,3.0,V,2.0,V,2.0,V,2.0,V,2.0,V,1.0,V,1.0,V,1.0,V,1.0,V,5.0,V,1.0,V
8,Barcelona,19,Barcelona,42,7,2025,2,21,1.0,V,1.0,V,1.0,V,1.0,V,1.0,V,1.0,V,1.0,V,1.0,V,1.0,V,2.0,V,2.0,V,2.0,V,2.0,V,3.0,V,2.0,V,2.0,V,2.0,V,1.0,V,1.0,V,1.0,V,2.0,V,1.0,V,1.0,V,1.0,V
8,Barcelona,19,Barcelona,42,7,2025,2,22,1.0,V,,N,,N,,N,,N,,N,,N,,N,,N,,N,,N,,N,,N,,N,,N,,N,,N,,N,,N,,N,,N,,N,,N,,N
8,Barcelona,19,Barcelona,54,7,2025,2,19,5.0,V,6.0,V,2.0,V,3.0,V,1.0,V,4.0,V,9.0,V,8.0,V,5.0,V,6.0,V,5.0,V,,N,,N,,N,1.0,V,1.0,V,1.0,V,1.0,V,1.0,V,1.0,V,1.0,V,1.0,V,2.0,V,1.0,V
8,Barcelona,19,Barcelona,54,7,2025,2,20,1.0,V,1.0,V,1.0,V,1.0,V,1.0,V,1.0,V,1.0,V,1.0,V,2.0,V,2.0,V,1.0,V,1.0,V,1.0,V,,N,,N,2.0,V,1.0,V,1.0,V,1.0,V,1.0,V,1.0,V,1.0,V,1.0,V,1.0,V
8,Barcelona,19,Barcelona,54,7,2025,2,21,1.0,V,1.0,V,1.0,V,1.0,V,1.0,V,1.0,V,1.0,V,1.0,V,1.0,V,5.0,V,2.0,V,1.0,V,1.0,V,2.0,V,1.0,V,1.0,V,1.0,V,1.0,V,1.0,V,1.0,V,3.0,V,1.0,V,1.0,V,1.0,V
8,Barcelona,19,Barcelona,54,7,2025,2,22,1.0,V,,N,,N,,N,,N,,N,,N,,N,,N,,N,,N,,N,,N,,N,,N,,N,,N,,N,,N,,N,,N,,N,,N,,N
8,Barcelona,19,Barcelona,50,8,2025,2,19,52.0,V,50.0,V,44.0,V,37.0,V,33.0,V,28.0,V,24.0,V,33.0,V,50.0,V,62.0,V,45.0,V,25.0,V,13.0,V,12.0,V,9.0,V,10.0,V,14.0,V,12.0,V,11.0,V,8.0,V,7.0,V,7.0,V,9.0,V,8.0,V
8,Barcelona,19,Barcelona,50,8,2025,2,20,8.0,V,9.0,V,7.0,V,5.0,V,4.0,V,4.0,V,8.0,V,17.0,V,20.0,V,18.0,V,15.0,V,9.0,V,7.0,V,13.0,V,9.0,V,6.0,V,8.0,V,11.0,V,13.0,V,28.0,V,31.0,V,16.0,V,6.0,V,4.0,V
8,Barcelona,19,Barcelona,50,8,2025,2,21,9.0,V,8.0,V,7.0,V,3.0,V,4.0,V,6.0,V,11.0,V,19.0,V,27.0,V,46.0,V,50.0,V,64.0,V,60.0,V,39.0,V,42.0,V,32.0,V,27.0,V,21.0,V,34.0,V,66.0,V,26.0,V,57.0,V,20.0,V,31.0,V
8,Barcelona,19,Barcelona,50,8,2025,2,22,25.0,V,,N,,N,,N,,N,,N,,N,,N,,N,,N,,N,,N,,N,,N,,N,,N,,N,,N,,N,,N,,N,,N,,N,,N
8,Barcelona,19,Barcelona,43,8,2025,2,19,76.0,V,60.0,V,47.0,V,41.0,V,55.0,V,41.0,V,33.0,V,56.0,V,63.0,V,60.0,V,44.0,V,46.0,V,21.0,V,20.0,V,19.0,V,18.0,V,20.0,V,18.0,V,26.0,V,26.0,V,22.0,V,21.0,V,29.0,V,24.0,V
8,Barcelona,19,Barcelona,43,8,2025,2,20,22.0,V,17.0,V,16.0,V,13.0,V,9.0,V,12.0,V,18.0,V,32.0,V,35.0,V,40.0,V,36.0,V,32.0,V,35.0,V,42.0,V,26.0,V,50.0,V,44.0,V,63.0,V,53.0,V,40.0,V,40.0,V,44.0,V,35.0,V,39.0,V
8,Barcelona,19,Barcelona,43,8,2025,2,21,33.0,V,43.0,V,30.0,V,29.0,V,12.0,V,13.0,V,16.0,V,36.0,V,64.0,V,59.0,V,41.0,V,46.0,V,49.0,V,52.0,V,50.0,V,53.0,V,60.0,V,54.0,V,41.0,V,80.0,V,72.0,V,63.0,V,56.0,V,39.0,V
8,Barcelona,19,Barcelona,43,8,2025,2,22,27.0,V,,N,,N,,N,,N,,N,,N,,N,,N,,N,,N,,N,,N,,N,,N,,N,,N,,N,,N,,N,,N,,N,,N,,N
8,Barcelona,19,Barcelona,44,8,2025,2,19,45.0,V,40.0,V,31.0,V,30.0,V,31.0,V,31.0,V,33.0,V,34.0,V,42.0,V,40.0,V,35.0,V,49.0,V,43.0,V,37.0,V,26.0,V,48.0,V,51.0,V,44.0,V,41.0,V,19.0,V,17.0,V,18.0,V,19.0,V,17.0,V
8,Barcelona,19,Barcelona,44,8,2025,2,20,15.0,V,12.0,V,14.0,V,13.0,V,8.0,V,10.0,V,16.0,V,35.0,V,54.0,V,44.0,V,,N,,N,54.0,V,48.0,V,29.0,V,43.0,V,51.0,V,50.0,V,46.0,V,31.0,V,26.0,V,34.0,V,32.0,V,18.0,V
8,Barcelona,19,Barcelona,44,8,2025,2,21,14.0,V,45.0,V,33.0,V,18.0,V,13.0,V,13.0,V,18.0,V,38.0,V,60.0,V,68.0,V,45.0,V,51.0,V,56.0,V,50.0,V,37.0,V,39.0,V,47.0,V,40.0,V,42.0,V,53.0,V,59.0,V,43.0,V,39.0,V,32.0,V
8,Barcelona,19,Barcelona,44,8,2025,2,22,26.0,V,,N,,N,,N,,N,,N,,N,,N,,N,,N,,N,,N,,N,,N,,N,,N,,N,,N,,N,,N,,N,,N,,N,,N
8,Barcelona,19,Barcelona,58,8,2025,2,19,5.0,V,11.0,V,16.0,V,10.0,V,5.0,V,6.0,V,5.0,V,5.0,V,5.0,V,6.0,V,,N,,N,,N,6.0,V,5.0,V,7.0,V,10.0,V,7.0,V,7.0,V,7.0,V,7.0,V,9.0,V,10.0,V,10.0,V
8,Barcelona,19,Barcelona,58,8,2025,2,20,9.0,V,9.0,V,6.0,V,6.0,V,5.0,V,5.0,V,5.0,V,8.0,V,16.0,V,18.0,V,20.0,V,13.0,V,15.0,V,16.0,V,15.0,V,23.0,V,27.0,V,26.0,V,27.0,V,17.0,V,12.0,V,13.0,V,15.0,V,23.0,V
8,Barcelona,19,Barcelona,58,8,2025,2,21,17.0,V,25.0,V,28.0,V,14.0,V,7.0,V,6.0,V,8.0,V,10.0,V,21.0,V,23.0,V,18.0,V,16.0,V,17.0,V,18.0,V,16.0,V,16.0,V,17.0,V,18.0,V,19.0,V,16.0,V,22.0,V,22.0,V,23.0,V,11.0,V
8,Barcelona,19,Barcelona,58,8,2025,2,22,7.0,V,,N,,N,,N,,N,,N,,N,,N,,N,,N,,N,,N,,N,,N,,N,,N,,N,,N,,N,,N,,N,,N,,N,,N
8,Barcelona,19,Barcelona,57,8,2025,2,19,17.0,V,14.0,V,16.0,V,16.0,V,13.0,V,20.0,V,35.0,V,44.0,V,35.0,V,32.0,V,22.0,V,25.0,V,21.0,V,13.0,V,8.0,V,17.0,V,24.0,V,24.0,V,17.0,V,10.0,V,10.0,V,9.0,V,11.0,V,9.0,V
8,Barcelona,19,Barcelona,57,8,2025,2,20,9.0,V,7.0,V,5.0,V,7.0,V,8.0,V,6.0,V,12.0,V,18.0,V,27.0,V,25.0,V,23.0,V,,N,,N,,N,,N,28.0,V,31.0,V,36.0,V,40.0,V,16.0,V,13.0,V,14.0,V,13.0,V,10.0,V
8,Barcelona,19,Barcelona,57,8,2025,2,21,22.0,V,25.0,V,22.0,V,18.0,V,20.0,V,10.0,V,11.0,V,26.0,V,41.0,V,44.0,V,27.0,V,32.0,V,25.0,V,30.0,V,22.0,V,22.0,V,24.0,V,22.0,V,23.0,V,29.0,V,29.0,V,36.0,V,32.0,V,26.0,V
8,Barcelona,19,Barcelona,57,8,2025,2,22,22.0,V,,N,,N,,N,,N,,N,,N,,N,,N,,N,,N,,N,,N,,N,,N,,N,,N,,N,,N,,N,,N,,N,,N,,N
8,Barcelona,19,Barcelona,57,108,2025,2,19,16.5,V,14.26,V,16.37,V,16.42,V,13.52,V,19.89,V,34.8,V,43.38,V,34.65,V,31.69,V,22.1,V,24.72,V,20.9,V,12.88,V,7.72,V,16.6,V,23.54,V,24.12,V,16.99,V,10.18,V,9.59,V,9.09,V,10.77,V,8.83,V
8,Barcelona,19,Barcelona,57,108,2025,2,20,8.65,V,6.76,V,5.03,V,6.82,V,7.3,V,5.68,V,11.29,V,17.98,V,26.95,V,25.05,V,22.54,V,,N,,N,,N,,N,27.43,V,31.26,V,36.48,V,39.54,V,16.46,V,13.01,V,13.7,V,13.37,V,9.72,V
8,Barcelona,19,Barcelona,57,108,2025,2,21,21.49,V,25.2,V,21.42,V,18.17,V,20.11,V,10.41,V,11.01,V,25.59,V,41.23,V,44.19,V,26.77,V,32.23,V,24.52,V,29.45,V,21.61,V,21.88,V,23.76,V,22.08,V,23.14,V,28.55,V,28.73,V,35.68,V,31.43,V,26.27,V
8,Barcelona,19,Barcelona,57,108,2025,2,22,21.97,V,,N,,N,,N,,N,,N,,N,,N,,N,,N,,N,,N,,N,,N,,N,,N,,N,,N,,N,,N,,N,,N,,N,,N
8,Barcelona,19,Barcelona,4,8,2025,2,19,56.0,V,49.0,V,44.0,V,36.0,V,32.0,V,29.0,V,34.0,V,38.0,V,44.0,V,44.0,V,43.0,V,23.0,V,8.0,V,6.0,V,5.0,V,6.0,V,6.0,V,8.0,V,9.0,V,8.0,V,5.0,V,8.0,V,12.0,V,9.0,V
8,Barcelona,19,Barcelona,4,8,2025,2,20,9.0,V,8.0,V,9.0,V,5.0,V,4.0,V,4.0,V,10.0,V,13.0,V,11.0,V,14.0,V,14.0,V,10.0,V,8.0,V,7.0,V,8.0,V,5.0,V,6.0,V,7.0,V,9.0,V,23.0,V,20.0,V,19.0,V,10.0,V,7.0,V
8,Barcelona,19,Barcelona,4,8,2025,2,21,6.0,V,8.0,V,8.0,V,3.0,V,4.0,V,7.0,V,10.0,V,17.0,V,24.0,V,30.0,V,39.0,V,27.0,V,47.0,V,26.0,V,28.0,V,23.0,V,20.0,V,18.0,V,16.0,V,35.0,V,19.0,V,21.0,V,20.0,V,15.0,V
8,Barcelona,19,Barcelona,4,8,2025,2,22,18.0,V,,N,,N,,N,,N,,N,,N,,N,,N,,N,,N,,N,,N,,N,,N,,N,,N,,N,,N,,N,,N,,N,,N,,N
8,Barcelona,19,Barcelona,42,8,2025,2,19,43.0,V,50.0,V,31.0,V,24.0,V,27.0,V,38.0,V,25.0,V,30.0,V,39.0,V,34.0,V,30.0,V,34.0,V,13.0,V,10.0,V,11.0,V,12.0,V,15.0,V,10.0,V,17.0,V,21.0,V,16.0,V,14.0,V,18.0,V,17.0,V
8,Barcelona,19,Barcelona,42,8,2025,2,20,17.0,V,13.0,V,9.0,V,8.0,V,5.0,V,6.0,V,8.0,V,14.0,V,23.0,V,23.0,V,22.0,V,18.0,V,17.0,V,16.0,V,15.0,V,22.0,V,20.0,V,30.0,V,24.0,V,16.0,V,12.0,V,21.0,V,31.0,V,25.0,V
8,Barcelona,19,Barcelona,42,8,2025,2,21,24.0,V,28.0,V,31.0,V,29.0,V,20.0,V,9.0,V,14.0,V,18.0,V,36.0,V,37.0,V,24.0,V,28.0,V,23.0,V,24.0,V,18.0,V,26.0,V,26.0,V,21.0,V,26.0,V,35.0,V,51.0,V,35.0,V,36.0,V,29.0,V
8,Barcelona,19,Barcelona,42,8,2025,2,22,18.0,V,,N,,N,,N,,N,,N,,N,,N,,N,,N,,N,,N,,N,,N,,N,,N,,N,,N,,N,,N,,N,,N,,N,,N
8,Barcelona,19,Barcelona,54,8,2025,2,19,41.0,V,44.0,V,32.0,V,23.0,V,22.0,V,29.0,V,37.0,V,37.0,V,30.0,V,31.0,V,21.0,V,,N,,N,,N,9.0,V,11.0,V,13.0,V,12.0,V,12.0,V,13.0,V,13.0,V,15.0,V,18.0,V,19.0,V
8,Barcelona,19,Barcelona,54,8,2025,2,20,16.0,V,13.0,V,11.0,V,8.0,V,7.0,V,9.0,V,11.0,V,18.0,V,30.0,V,31.0,V,22.0,V,16.0,V,16.0,V,,N,,N,15.0,V,15.0,V,19.0,V,26.0,V,22.0,V,18.0,V,18.0,V,18.0,V,8.0,V
8,Barcelona,19,Barcelona,54,8,2025,2,21,6.0,V,10.0,V,10.0,V,15.0,V,12.0,V,10.0,V,12.0,V,16.0,V,32.0,V,50.0,V,32.0,V,21.0,V,23.0,V,23.0,V,19.0,V,20.0,V,31.0,V,27.0,V,32.0,V,32.0,V,50.0,V,36.0,V,26.0,V,26.0,V
8,Barcelona,19,Barcelona,54,8,2025,2,22,29.0,V,,N,,N,,N,,N,,N,,N,,N,,N,,N,,N,,N,,N,,N,,N,,N,,N,,N,,N,,N,,N,,N,,N,,N
8,Barcelona,19,Barcelona,50,12,2025,2,19,58.0,V,66.0,V,52.0,V,45.0,V,37.0,V,29.0,V,24.0,V,36.0,V,64.0,V,81.0,V,62.0,V,31.0,V,15.0,V,14.0,V,10.0,V,12.0,V,15.0,V,13.0,V,12.0,V,8.0,V,8.0,V,7.0,V,9.0,V,8.0,V
8,Barcelona,19,Barcelona,50,12,2025,2,20,8.0,V,9.0,V,7.0,V,5.0,V,4.0,V,4.0,V,9.0,V,21.0,V,22.0,V,21.0,V,17.0,V,10.0,V,8.0,V,17.0,V,10.0,V,6.0,V,8.0,V,11.0,V,13.0,V,29.0,V,31.0,V,16.0,V,6.0,V,4.0,V
8,Barcelona,19,Barcelona,50,12,2025,2,21,9.0,V,8.0,V,7.0,V,3.0,V,4.0,V,6.0,V,11.0,V,20.0,V,29.0,V,52.0,V,57.0,V,90.0,V,78.0,V,48.0,V,49.0,V,35.0,V,28.0,V,22.0,V,36.0,V,81.0,V,27.0,V,69.0,V,21.0,V,31.0,V
8,Barcelona,19,Barcelona,50,12,2025,2,22,25.0,V,,N,,N,,N,,N,,N,,N,,N,,N,,N,,N,,N,,N,,N,,N,,N,,N,,N,,N,,N,,N,,N,,N,,N
8,Barcelona,19,Barcelona,44,12,2025,2,19,54.0,V,48.0,V,35.0,V,37.0,V,36.0,V,43.0,V,48.0,V,47.0,V,64.0,V,59.0,V,56.0,V,80.0,V,65.0,V,58.0,V,35.0,V,69.0,V,72.0,V,61.0,V,69.0,V,24.0,V,21.0,V,22.0,V,21.0,V,22.0,V
8,Barcelona,19,Barcelona,44,12,2025,2,20,18.0,V,15.0,V,16.0,V,16.0,V,10.0,V,13.0,V,20.0,V,49.0,V,94.0,V,65.0,V,,N,,N,96.0,V,78.0,V,42.0,V,70.0,V,82.0,V,71.0,V,66.0,V,35.0,V,28.0,V,38.0,V,34.0,V,21.0,V
8,Barcelona,19,Barcelona,44,12,2025,2,21,15.0,V,49.0,V,37.0,V,24.0,V,14.0,V,15.0,V,23.0,V,59.0,V,89.0,V,119.0,V,62.0,V,76.0,V,84.0,V,78.0,V,46.0,V,47.0,V,58.0,V,50.0,V,53.0,V,59.0,V,65.0,V,48.0,V,43.0,V,36.0,V
8,Barcelona,19,Barcelona,44,12,2025,2,22,30.0,V,,N,,N,,N,,N,,N,,N,,N,,N,,N,,N,,N,,N,,N,,N,,N,,N,,N,,N,,N,,N,,N,,N,,N
8,Barcelona,19,Barcelona,58,12,2025,2,19,6.0,V,13.0,V,18.0,V,11.0,V,7.0,V,7.0,V,7.0,V,7.0,V,6.0,V,8.0,V,,N,,N,,N,6.0,V,6.0,V,7.0,V,10.0,V,8.0,V,7.0,V,7.0,V,8.0,V,9.0,V,11.0,V,11.0,V
8,Barcelona,19,Barcelona,58,12,2025,2,20,10.0,V,9.0,V,7.0,V,6.0,V,6.0,V,5.0,V,6.0,V,8.0,V,17.0,V,20.0,V,22.0,V,15.0,V,17.0,V,18.0,V,18.0,V,26.0,V,30.0,V,27.0,V,28.0,V,18.0,V,13.0,V,15.0,V,16.0,V,24.0,V
8,Barcelona,19,Barcelona,58,12,2025,2,21,18.0,V,26.0,V,29.0,V,15.0,V,8.0,V,7.0,V,9.0,V,11.0,V,22.0,V,25.0,V,19.0,V,17.0,V,19.0,V,20.0,V,17.0,V,17.0,V,18.0,V,19.0,V,20.0,V,17.0,V,24.0,V,23.0,V,24.0,V,12.0,V
8,Barcelona,19,Barcelona,58,12,2025,2,22,8.0,V,,N,,N,,N,,N,,N,,N,,N,,N,,N,,N,,N,,N,,N,,N,,N,,N,,N,,N,,N,,N,,N,,N,,N
8,Barcelona,19,Barcelona,57,12,2025,2,19,19.0,V,16.0,V,17.0,V,17.0,V,14.0,V,21.0,V,41.0,V,53.0,V,39.0,V,38.0,V,30.0,V,33.0,V,29.0,V,19.0,V,10.0,V,21.0,V,30.0,V,26.0,V,18.0,V,11.0,V,10.0,V,10.0,V,11.0,V,9.0,V
8,Barcelona,19,Barcelona,57,12,2025,2,20,9.0,V,7.0,V,6.0,V,7.0,V,8.0,V,6.0,V,12.0,V,19.0,V,30.0,V,28.0,V,26.0,V,,N,,N,,N,,N,32.0,V,39.0,V,48.0,V,54.0,V,18.0,V,14.0,V,14.0,V,14.0,V,10.0,V
8,Barcelona,19,Barcelona,57,12,2025,2,21,22.0,V,26.0,V,22.0,V,19.0,V,21.0,V,11.0,V,11.0,V,27.0,V,46.0,V,49.0,V,31.0,V,37.0,V,28.0,V,33.0,V,25.0,V,25.0,V,26.0,V,24.0,V,25.0,V,30.0,V,29.0,V,34.0,V,28.0,V,27.0,V
8,Barcelona,19,Barcelona,57,12,2025,2,22,20.0,V,,N,,N,,N,,N,,N,,N,,N,,N,,N,,N,,N,,N,,N,,N,,N,,N,,N,,N,,N,,N,,N,,N,,N
8,Barcelona,19,Barcelona,57,112,2025,2,19,18.77,V,15.64,V,17.2,V,17.37,V,13.87,V,21.34,V,40.75,V,52.68,V,39.39,V,37.68,V,29.78,V,32.74,V,28.71,V,19.22,V,9.68,V,20.97,V,29.6,V,26.11,V,17.88,V,10.56,V,10.13,V,9.74,V,11.21,V,9.44,V
8,Barcelona,19,Barcelona,57,112,2025,2,20,8.9,V,7.35,V,5.51,V,7.09,V,7.62,V,5.91,V,11.88,V,18.87,V,29.58,V,27.45,V,25.5,V,,N,,N,,N,,N,31.65,V,38.71,V,47.83,V,54.3,V,17.64,V,13.6,V,14.22,V,13.84,V,10.05,V
8,Barcelona,19,Barcelona,57,112,2025,2,21,21.91,V,25.92,V,21.71,V,18.74,V,20.5,V,11.08,V,11.34,V,26.91,V,46.16,V,49.24,V,30.44,V,37.02,V,28.1,V,33.39,V,24.41,V,24.64,V,26.16,V,23.99,V,24.52,V,29.34,V,29.22,V,36.4,V,31.63,V,26.89,V
8,Barcelona,19,Barcelona,57,112,2025,2,22,22.63,V,,N,,N,,N,,N,,N,,N,,N,,N,,N,,N,,N,,N,,N,,N,,N,,N,,N,,N,,N,,N,,N,,N,,N
8,Barcelona,19,Barcelona,4,12,2025,2,19,71.0,V,75.0,V,61.0,V,47.0,V,35.0,V,32.0,V,41.0,V,66.0,V,97.0,V,96.0,V,82.0,V,35.0,V,9.0,V,7.0,V,5.0,V,7.0,V,6.0,V,8.0,V,9.0,V,7.0,V,4.0,V,7.0,V,10.0,V,7.0,V
8,Barcelona,19,Barcelona,4,12,2025,2,20,8.0,V,7.0,V,8.0,V,4.0,V,2.0,V,4.0,V,11.0,V,14.0,V,12.0,V,15.0,V,16.0,V,10.0,V,10.0,V,8.0,V,8.0,V,6.0,V,6.0,V,7.0,V,9.0,V,24.0,V,19.0,V,19.0,V,9.0,V,6.0,V
8,Barcelona,19,Barcelona,4,12,2025,2,21,6.0,V,7.0,V,7.0,V,1.0,V,3.0,V,6.0,V,9.0,V,17.0,V,24.0,V,33.0,V,48.0,V,31.0,V,57.0,V,29.0,V,31.0,V,24.0,V,21.0,V,20.0,V,17.0,V,36.0,V,19.0,V,21.0,V,19.0,V,14.0,V
8,Barcelona,19,Barcelona,4,12,2025,2,22,17.0,V,,N,,N,,N,,N,,N,,N,,N,,N,,N,,N,,N,,N,,N,,N,,N,,N,,N,,N,,N,,N,,N,,N,,N
8,Barcelona,19,Barcelona,42,12,2025,2,19,44.0,V,52.0,V,31.0,V,24.0,V,30.0,V,44.0,V,26.0,V,31.0,V,45.0,V,40.0,V,39.0,V,45.0,V,16.0,V,14.0,V,13.0,V,14.0,V,18.0,V,11.0,V,19.0,V,22.0,V,18.0,V,14.0,V,19.0,V,18.0,V
8,Barcelona,19,Barcelona,42,12,2025,2,20,18.0,V,14.0,V,10.0,V,9.0,V,7.0,V,7.0,V,9.0,V,15.0,V,26.0,V,26.0,V,26.0,V,23.0,V,20.0,V,21.0,V,18.0,V,26.0,V,22.0,V,34.0,V,26.0,V,17.0,V,13.0,V,22.0,V,38.0,V,25.0,V
8,Barcelona,19,Barcelona,42,12,2025,2,21,25.0,V,29.0,V,32.0,V,30.0,V,20.0,V,10.0,V,15.0,V,19.0,V,38.0,V,39.0,V,26.0,V,32.0,V,26.0,V,28.0,V,21.0,V,28.0,V,28.0,V,22.0,V,27.0,V,36.0,V,53.0,V,35.0,V,37.0,V,29.0,V
8,Barcelona,19,Barcelona,42,12,2025,2,22,18.0,V,,N,,N,,N,,N,,N,,N,,N,,N,,N,,N,,N,,N,,N,,N,,N,,N,,N,,N,,N,,N,,N,,N,,N
8,Barcelona,19,Barcelona,54,12,2025,2,19,48.0,V,53.0,V,34.0,V,25.0,V,21.0,V,34.0,V,51.0,V,49.0,V,38.0,V,39.0,V,28.0,V,,N,,N,,N,9.0,V,12.0,V,13.0,V,12.0,V,12.0,V,13.0,V,13.0,V,16.0,V,19.0,V,20.0,V
8,Barcelona,19,Barcelona,54,12,2025,2,20,16.0,V,13.0,V,10.0,V,7.0,V,6.0,V,8.0,V,11.0,V,19.0,V,32.0,V,34.0,V,23.0,V,17.0,V,17.0,V,,N,,N,17.0,V,17.0,V,22.0,V,27.0,V,23.0,V,19.0,V,19.0,V,20.0,V,9.0,V
8,Barcelona,19,Barcelona,54,12,2025,2,21,7.0,V,10.0,V,11.0,V,16.0,V,13.0,V,11.0,V,13.0,V,17.0,V,34.0,V,57.0,V,36.0,V,24.0,V,25.0,V,25.0,V,21.0,V,22.0,V,34.0,V,29.0,V,33.0,V,33.0,V,54.0,V,38.0,V,27.0,V,28.0,V
8,Barcelona,19,Barcelona,54,12,2025,2,22,31.0,V,,N,,N,,N,,N,,N,,N,,N,,N,,N,,N,,N,,N,,N,,N,,N,,N,,N,,N,,N,,N,,N,,N,,N
8,Barcelona,19,Barcelona,57,995,2025,2,19,238.0,V,275.0,V,416.0,V,442.0,V,384.0,V,361.0,V,371.0,V,361.0,V,356.0,V,291.0,V,239.0,V,291.0,V,234.0,V,225.0,V,220.0,V,245.0,V,235.0,V,233.0,V,225.0,V,234.0,V,231.0,V,248.0,V,292.0,V,302.0,V
8,Barcelona,19,Barcelona,57,995,2025,2,20,330.0,V,328.0,V,301.0,V,301.0,V,301.0,V,301.0,V,316.0,V,294.0,V,288.0,V,277.0,V,254.0,V,272.0,V,279.0,V,279.0,V,268.0,V,278.0,V,266.0,V,268.0,V,270.0,V,256.0,V,249.0,V,263.0,V,273.0,V,274.0,V
8,Barcelona,19,Barcelona,57,995,2025,2,21,299.0,V,291.0,V,299.0,V,331.0,V,333.0,V,273.0,V,272.0,V,286.0,V,339.0,V,362.0,V,326.0,V,353.0,V,334.0,V,349.0,V,312.0,V,306.0,V,297.0,V,306.0,V,285.0,V,312.0,V,335.0,V,385.0,V,378.0,V,330.0,V
8,Barcelona,19,Barcelona,57,995,2025,2,22,316.0,V,,N,,N,,N,,N,,N,,N,,N,,N,,N,,N,,N,,N,,N,,N,,N,,N,,N,,N,,N,,N,,N,,N,,N
8,Barcelona,19,Barcelona,54,995,2025,2,19,264.0,V,309.0,V,409.0,V,438.0,V,437.0,V,497.0,V,525.0,V,498.0,V,448.0,V,416.0,V,359.0,V,361.0,V,258.0,V,232.0,V,251.0,V,254.0,V,245.0,V,240.0,V,235.0,V,254.0,V,269.0,V,319.0,V,332.0,V,348.0,V
8,Barcelona,19,Barcelona,54,995,2025,2,20,383.0,V,389.0,V,359.0,V,326.0,V,325.0,V,335.0,V,319.0,V,324.0,V,328.0,V,333.0,V,289.0,V,284.0,V,275.0,V,263.0,V,295.0,V,309.0,V,282.0,V,285.0,V,306.0,V,315.0,V,312.0,V,347.0,V,338.0,V,301.0,V
8,Barcelona,19,Barcelona,54,995,2025,2,21,290.0,V,291.0,V,289.0,V,285.0,V,295.0,V,274.0,V,286.0,V,294.0,V,337.0,V,405.0,V,383.0,V,358.0,V,363.0,V,370.0,V,334.0,V,337.0,V,359.0,V,354.0,V,373.0,V,392.0,V,433.0,V,419.0,V,387.0,V,380.0,V
8,Barcelona,19,Barcelona,54,995,2025,2,22,377.0,V,,N,,N,,N,,N,,N,,N,,N,,N,,N,,N,,N,,N,,N,,N,,N,,N,,N,,N,,N,,N,,N,,N,,N
8,Barcelona,19,Barcelona,50,14,2025,2,19,1.0,V,1.0,V,1.0,V,1.0,V,3.0,V,9.0,V,21.0,V,14.0,V,7.0,V,14.0,V,26.0,V,56.0,V,70.0,V,74.0,V,79.0,V,80.0,V,75.0,V,76.0,V,76.0,V,78.0,V,79.0,V,78.0,V,63.0,V,65.0,V
8,Barcelona,19,Barcelona,50,14,2025,2,20,63.0,V,60.0,V,63.0,V,64.0,V,65.0,V,68.0,V,62.0,V,55.0,V,57.0,V,61.0,V,65.0,V,69.0,V,76.0,V,70.0,V,73.0,V,76.0,V,76.0,V,71.0,V,66.0,V,53.0,V,48.0,V,61.0,V,70.0,V,79.0,V
8,Barcelona,19,Barcelona,50,14,2025,2,21,72.0,V,70.0,V,70.0,V,69.0,V,61.0,V,66.0,V,57.0,V,52.0,V,46.0,V,28.0,V,31.0,V,24.0,V,22.0,V,42.0,V,39.0,V,43.0,V,48.0,V,60.0,V,45.0,V,13.0,V,42.0,V,10.0,V,38.0,V,28.0,V
8,Barcelona,19,Barcelona,50,14,2025,2,22,25.0,V,,N,,N,,N,,N,,N,,N,,N,,N,,N,,N,,N,,N,,N,,N,,N,,N,,N,,N,,N,,N,,N,,N,,N
8,Barcelona,19,Barcelona,43,14,2025,2,19,9.0,V,17.0,V,22.0,V,22.0,V,2.0,V,20.0,V,32.0,V,16.0,V,17.0,V,25.0,V,44.0,V,47.0,V,75.0,V,78.0,V,79.0,V,81.0,V,76.0,V,79.0,V,71.0,V,72.0,V,76.0,V,77.0,V,60.0,V,64.0,V
8,Barcelona,19,Barcelona,43,14,2025,2,20,62.0,V,64.0,V,65.0,V,69.0,V,75.0,V,70.0,V,68.0,V,56.0,V,55.0,V,53.0,V,60.0,V,59.0,V,61.0,V,58.0,V,71.0,V,51.0,V,56.0,V,37.0,V,42.0,V,52.0,V,52.0,V,47.0,V,53.0,V,52.0,V
8,Barcelona,19,Barcelona,43,14,2025,2,21,58.0,V,49.0,V,60.0,V,58.0,V,72.0,V,73.0,V,72.0,V,54.0,V,25.0,V,29.0,V,44.0,V,41.0,V,40.0,V,40.0,V,43.0,V,51.0,V,36.0,V,43.0,V,50.0,V,13.0,V,17.0,V,26.0,V,33.0,V,47.0,V
8,Barcelona,19,Barcelona,43,14,2025,2,22,61.0,V,,N,,N,,N,,N,,N,,N,,N,,N,,N,,N,,N,,N,,N,,N,,N,,N,,N,,N,,N,,N,,N,,N,,N
8,Barcelona,19,Barcelona,44,14,2025,2,19,25.0,V,25.0,V,33.0,V,31.0,V,27.0,V,23.0,V,25.0,V,31.0,V,31.0,V,34.0,V,40.0,V,38.0,V,54.0,V,59.0,V,68.0,V,54.0,V,49.0,V,53.0,V,55.0,V,71.0,V,74.0,V,72.0,V,63.0,V,63.0,V
8,Barcelona,19,Barcelona,44,14,2025,2,20,61.0,V,65.0,V,63.0,V,63.0,V,68.0,V,63.0,V,61.0,V,48.0,V,33.0,V,42.0,V,,N,,N,40.0,V,46.0,V,60.0,V,51.0,V,46.0,V,42.0,V,43.0,V,53.0,V,60.0,V,50.0,V,51.0,V,64.0,V
8,Barcelona,19,Barcelona,44,14,2025,2,21,69.0,V,41.0,V,52.0,V,62.0,V,64.0,V,62.0,V,59.0,V,43.0,V,23.0,V,17.0,V,36.0,V,33.0,V,31.0,V,37.0,V,48.0,V,55.0,V,41.0,V,49.0,V,43.0,V,29.0,V,23.0,V,40.0,V,43.0,V,52.0,V
8,Barcelona,19,Barcelona,44,14,2025,2,22,57.0,V,,N,,N,,N,,N,,N,,N,,N,,N,,N,,N,,N,,N,,N,,N,,N,,N,,N,,N,,N,,N,,N,,N,,N
8,Barcelona,19,Barcelona,58,14,2025,2,19,77.0,V,69.0,V,68.0,V,79.0,V,87.0,V,84.0,V,77.0,V,75.0,V,81.0,V,78.0,V,,N,,N,,N,85.0,V,85.0,V,84.0,V,78.0,V,81.0,V,80.0,V,81.0,V,79.0,V,74.0,V,70.0,V,66.0,V
8,Barcelona,19,Barcelona,58,14,2025,2,20,64.0,V,65.0,V,72.0,V,71.0,V,66.0,V,65.0,V,65.0,V,64.0,V,52.0,V,46.0,V,56.0,V,66.0,V,61.0,V,62.0,V,66.0,V,55.0,V,53.0,V,48.0,V,41.0,V,49.0,V,45.0,V,40.0,V,38.0,V,34.0,V
8,Barcelona,19,Barcelona,58,14,2025,2,21,41.0,V,34.0,V,33.0,V,41.0,V,49.0,V,57.0,V,53.0,V,46.0,V,32.0,V,31.0,V,41.0,V,42.0,V,48.0,V,49.0,V,52.0,V,48.0,V,41.0,V,46.0,V,43.0,V,45.0,V,41.0,V,44.0,V,44.0,V,58.0,V
8,Barcelona,19,Barcelona,58,14,2025,2,22,49.0,V,,N,,N,,N,,N,,N,,N,,N,,N,,N,,N,,N,,N,,N,,N,,N,,N,,N,,N,,N,,N,,N,,N,,N
8,Barcelona,19,Barcelona,57,14,2025,2,19,30.0,V,36.0,V,33.0,V,24.0,V,29.0,V,26.0,V,14.0,V,16.0,V,46.0,V,53.0,V,65.0,V,61.0,V,75.0,V,81.0,V,86.0,V,79.0,V,72.0,V,72.0,V,78.0,V,84.0,V,86.0,V,86.0,V,76.0,V,76.0,V
8,Barcelona,19,Barcelona,57,14,2025,2,20,72.0,V,74.0,V,76.0,V,74.0,V,73.0,V,73.0,V,68.0,V,64.0,V,57.0,V,60.0,V,66.0,V,,N,,N,,N,,N,66.0,V,64.0,V,60.0,V,52.0,V,72.0,V,75.0,V,72.0,V,72.0,V,73.0,V
8,Barcelona,19,Barcelona,57,14,2025,2,21,57.0,V,50.0,V,52.0,V,45.0,V,47.0,V,64.0,V,62.0,V,50.0,V,28.0,V,34.0,V,56.0,V,49.0,V,60.0,V,55.0,V,65.0,V,65.0,V,63.0,V,66.0,V,62.0,V,53.0,V,51.0,V,43.0,V,51.0,V,52.0,V
8,Barcelona,19,Barcelona,57,14,2025,2,22,43.0,V,,N,,N,,N,,N,,N,,N,,N,,N,,N,,N,,N,,N,,N,,N,,N,,N,,N,,N,,N,,N,,N,,N,,N
8,Barcelona,19,Barcelona,57,114,2025,2,19,30.4,V,35.9,V,32.4,V,23.8,V,28.8,V,26.1,V,13.7,V,16.3,V,46.1,V,52.8,V,65.1,V,61.1,V,75.0,V,81.4,V,86.2,V,78.8,V,71.7,V,71.7,V,78.2,V,83.9,V,85.7,V,85.5,V,76.1,V,76.4,V
8,Barcelona,19,Barcelona,57,114,2025,2,20,71.8,V,73.8,V,75.6,V,73.4,V,72.7,V,73.1,V,68.2,V,64.1,V,56.9,V,59.7,V,65.5,V,,N,,N,,N,,N,66.1,V,63.8,V,60.2,V,52.2,V,72.0,V,74.5,V,72.2,V,72.2,V,73.4,V
8,Barcelona,19,Barcelona,57,114,2025,2,21,56.8,V,50.3,V,51.4,V,44.4,V,46.4,V,64.4,V,62.1,V,50.3,V,27.6,V,33.6,V,55.7,V,48.6,V,59.5,V,55.5,V,65.1,V,65.1,V,62.6,V,65.7,V,62.1,V,52.6,V,50.9,V,42.8,V,51.3,V,51.6,V
8,Barcelona,19,Barcelona,57,114,2025,2,22,42.5,V,,N,,N,,N,,N,,N,,N,,N,,N,,N,,N,,N,,N,,N,,N,,N,,N,,N,,N,,N,,N,,N,,N,,N
8,Barcelona,19,Barcelona,54,14,2025,2,19,23.0,V,16.0,V,27.0,V,28.0,V,21.0,V,12.0,V,7.0,V,17.0,V,33.0,V,34.0,V,49.0,V,,N,,N,84.0,V,84.0,V,82.0,V,80.0,V,81.0,V,81.0,V,81.0,V,80.0,V,72.0,V,66.0,V,58.0,V
8,Barcelona,19,Barcelona,54,14,2025,2,20,60.0,V,54.0,V,59.0,V,70.0,V,70.0,V,68.0,V,68.0,V,62.0,V,49.0,V,50.0,V,68.0,V,71.0,V,73.0,V,,N,77.0,V,77.0,V,77.0,V,71.0,V,64.0,V,65.0,V,68.0,V,66.0,V,67.0,V,77.0,V
8,Barcelona,19,Barcelona,54,14,2025,2,21,80.0,V,74.0,V,67.0,V,55.0,V,60.0,V,66.0,V,65.0,V,62.0,V,46.0,V,30.0,V,49.0,V,58.0,V,60.0,V,61.0,V,64.0,V,65.0,V,54.0,V,59.0,V,53.0,V,52.0,V,31.0,V,49.0,V,60.0,V,56.0,V
8,Barcelona,19,Barcelona,54,14,2025,2,22,44.0,V,,N,,N,,N,,N,,N,,N,,N,,N,,N,,N,,N,,N,,N,,N,,N,,N,,N,,N,,N,,N,,N,,N,,N
8,Barcelona,19,Barcelona,57,11,2025,2,19,8.0,V,9.0,V,16.0,V,17.0,V,14.0,V,13.0,V,13.0,V,13.0,V,13.0,V,10.0,V,8.0,V,9.0,V,8.0,V,7.0,V,7.0,V,9.0,V,9.0,V,9.0,V,8.0,V,9.0,V,8.0,V,9.0,V,10.0,V,10.0,V
8,Barcelona,19,Barcelona,57,11,2025,2,20,12.0,V,11.0,V,11.0,V,11.0,V,11.0,V,11.0,V,12.0,V,11.0,V,11.0,V,10.0,V,9.0,V,10.0,V,10.0,V,10.0,V,9.0,V,10.0,V,9.0,V,9.0,V,10.0,V,9.0,V,9.0,V,10.0,V,10.0,V,10.0,V
8,Barcelona,19,Barcelona,57,11,2025,2,21,11.0,V,10.0,V,11.0,V,12.0,V,12.0,V,10.0,V,10.0,V,10.0,V,13.0,V,14.0,V,13.0,V,14.0,V,13.0,V,14.0,V,12.0,V,12.0,V,11.0,V,12.0,V,10.0,V,12.0,V,13.0,V,15.0,V,15.0,V,12.0,V
8,Barcelona,19,Barcelona,57,11,2025,2,22,12.0,V,,N,,N,,N,,N,,N,,N,,N,,N,,N,,N,,N,,N,,N,,N,,N,,N,,N,,N,,N,,N,,N,,N,,N
8,Barcelona,19,Barcelona,57,111,2025,2,19,7.57,V,9.1,V,15.95,V,17.04,V,13.79,V,12.58,V,13.15,V,12.8,V,12.79,V,9.61,V,7.59,V,9.41,V,7.63,V,7.39,V,7.27,V,8.41,V,8.57,V,8.7,V,8.36,V,8.47,V,8.27,V,8.52,V,9.93,V,10.33,V
8,Barcelona,19,Barcelona,57,111,2025,2,20,11.37,V,11.32,V,10.43,V,10.8,V,11.02,V,11.16,V,11.97,V,11.02,V,10.94,V,10.39,V,9.11,V,9.76,V,9.95,V,9.9,V,9.41,V,9.78,V,9.21,V,9.33,V,9.66,V,9.11,V,8.85,V,9.5,V,9.69,V,9.81,V
8,Barcelona,19,Barcelona,57,111,2025,2,21,10.59,V,10.16,V,10.59,V,12.12,V,12.16,V,9.81,V,9.8,V,10.31,V,12.86,V,14.05,V,12.63,V,14.13,V,13.0,V,13.6,V,11.88,V,11.56,V,11.12,V,11.6,V,10.41,V,11.43,V,12.42,V,14.62,V,14.29,V,12.25,V
8,Barcelona,19,Barcelona,57,111,2025,2,22,11.48,V,,N,,N,,N,,N,,N,,N,,N,,N,,N,,N,,N,,N,,N,,N,,N,,N,,N,,N,,N,,N,,N,,N,,N
8,Barcelona,19,Barcelona,54,11,2025,2,19,8.0,V,9.0,V,14.0,V,15.0,V,15.0,V,18.0,V,20.0,V,19.0,V,17.0,V,15.0,V,12.0,V,11.0,V,9.0,V,7.0,V,8.0,V,8.0,V,8.0,V,8.0,V,8.0,V,9.0,V,9.0,V,10.0,V,10.0,V,11.0,V
8,Barcelona,19,Barcelona,54,11,2025,2,20,12.0,V,12.0,V,12.0,V,11.0,V,11.0,V,12.0,V,11.0,V,11.0,V,12.0,V,12.0,V,10.0,V,10.0,V,9.0,V,9.0,V,10.0,V,10.0,V,10.0,V,10.0,V,10.0,V,11.0,V,11.0,V,12.0,V,12.0,V,10.0,V
8,Barcelona,19,Barcelona,54,11,2025,2,21,10.0,V,10.0,V,10.0,V,10.0,V,10.0,V,9.0,V,10.0,V,10.0,V,12.0,V,15.0,V,14.0,V,14.0,V,13.0,V,14.0,V,12.0,V,12.0,V,13.0,V,13.0,V,13.0,V,13.0,V,15.0,V,15.0,V,13.0,V,13.0,V
8,Barcelona,19,Barcelona,54,11,2025,2,22,13.0,V,,N,,N,,N,,N,,N,,N,,N,,N,,N,,N,,N,,N,,N,,N,,N,,N,,N,,N,,N,,N,,N,,N,,N
8,Barcelona,19,Barcelona,43,10,2025,2,19,32.0,V,33.0,V,36.0,V,35.0,V,37.0,V,34.0,V,33.0,V,33.0,V,33.0,V,30.0,V,25.0,V,29.0,V,25.0,V,23.0,V,22.0,V,23.0,V,24.0,V,23.0,V,23.0,V,22.0,V,21.0,V,21.0,V,23.0,V,23.0,V
8,Barcelona,19,Barcelona,43,10,2025,2,20,24.0,V,25.0,V,22.0,V,23.0,V,23.0,V,24.0,V,25.0,V,26.0,V,27.0,V,28.0,V,26.0,V,29.0,V,25.0,V,27.0,V,23.0,V,24.0,V,25.0,V,28.0,V,27.0,V,24.0,V,23.0,V,24.0,V,24.0,V,21.0,V
8,Barcelona,19,Barcelona,43,10,2025,2,21,18.0,V,19.0,V,18.0,V,17.0,V,17.0,V,16.0,V,18.0,V,19.0,V,23.0,V,30.0,V,26.0,V,29.0,V,28.0,V,28.0,V,26.0,V,32.0,V,34.0,V,33.0,V,27.0,V,30.0,V,31.0,V,31.0,V,29.0,V,25.0,V
8,Barcelona,19,Barcelona,43,10,2025,2,22,25.0,V,,N,,N,,N,,N,,N,,N,,N,,N,,N,,N,,N,,N,,N,,N,,N,,N,,N,,N,,N,,N,,N,,N,,N
8,Barcelona,19,Barcelona,44,10,2025,2,19,,N,,N,,N,,N,,N,,N,,N,,N,,N,,N,,N,,N,,N,,N,,N,,N,,N,,N,,N,,N,,N,,N,,N,,N
8,Barcelona,19,Barcelona,44,10,2025,2,20,,N,,N,,N,,N,,N,,N,,N,,N,,N,,N,,N,,N,,N,,N,,N,,N,,N,,N,,N,,N,,N,,N,,N,,N
8,Barcelona,19,Barcelona,44,10,2025,2,21,,N,,N,,N,,N,,N,,N,,N,,N,,N,,N,,N,,N,,N,,N,,N,,N,,N,,N,,N,,N,,N,,N,,N,,N
8,Barcelona,19,Barcelona,44,10,2025,2,22,,N,,N,,N,,N,,N,,N,,N,,N,,N,,N,,N,,N,,N,,N,,N,,N,,N,,N,,N,,N,,N,,N,,N,,N
8,Barcelona,19,Barcelona,58,10,2025,2,19,12.0,V,13.0,V,13.0,V,15.0,V,16.0,V,16.0,V,17.0,V,10.0,V,12.0,V,12.0,V,,N,,N,,N,,N,,N,,N,,N,15.0,V,16.0,V,15.0,V,14.0,V,18.0,V,18.0,V,19.0,V
8,Barcelona,19,Barcelona,58,10,2025,2,20,18.0,V,17.0,V,17.0,V,17.0,V,19.0,V,20.0,V,17.0,V,17.0,V,19.0,V,23.0,V,23.0,V,20.0,V,20.0,V,19.0,V,19.0,V,20.0,V,22.0,V,21.0,V,20.0,V,18.0,V,16.0,V,17.0,V,18.0,V,14.0,V
8,Barcelona,19,Barcelona,58,10,2025,2,21,9.0,V,8.0,V,7.0,V,7.0,V,4.0,V,6.0,V,6.0,V,5.0,V,7.0,V,8.0,V,5.0,V,6.0,V,4.0,V,4.0,V,5.0,V,8.0,V,10.0,V,10.0,V,7.0,V,7.0,V,9.0,V,9.0,V,8.0,V,9.0,V
8,Barcelona,19,Barcelona,58,10,2025,2,22,11.0,V,,N,,N,,N,,N,,N,,N,,N,,N,,N,,N,,N,,N,,N,,N,,N,,N,,N,,N,,N,,N,,N,,N,,N
8,Barcelona,19,Barcelona,57,10,2025,2,19,14.0,V,16.0,V,23.0,V,23.0,V,19.0,V,19.0,V,20.0,V,23.0,V,38.0,V,27.0,V,23.0,V,33.0,V,23.0,V,21.0,V,16.0,V,21.0,V,23.0,V,22.0,V,21.0,V,19.0,V,18.0,V,17.0,V,18.0,V,20.0,V
8,Barcelona,19,Barcelona,57,10,2025,2,20,20.0,V,21.0,V,19.0,V,22.0,V,23.0,V,22.0,V,24.0,V,23.0,V,26.0,V,27.0,V,23.0,V,28.0,V,26.0,V,27.0,V,23.0,V,28.0,V,38.0,V,31.0,V,32.0,V,22.0,V,22.0,V,21.0,V,21.0,V,20.0,V
8,Barcelona,19,Barcelona,57,10,2025,2,21,19.0,V,17.0,V,17.0,V,17.0,V,17.0,V,16.0,V,15.0,V,17.0,V,28.0,V,24.0,V,19.0,V,26.0,V,23.0,V,25.0,V,22.0,V,24.0,V,25.0,V,38.0,V,26.0,V,25.0,V,26.0,V,27.0,V,26.0,V,23.0,V
8,Barcelona,19,Barcelona,57,10,2025,2,22,21.0,V,,N,,N,,N,,N,,N,,N,,N,,N,,N,,N,,N,,N,,N,,N,,N,,N,,N,,N,,N,,N,,N,,N,,N
8,Barcelona,19,Barcelona,57,110,2025,2,19,14.26,V,15.61,V,22.74,V,23.33,V,19.29,V,18.88,V,19.66,V,22.91,V,37.5,V,26.39,V,22.74,V,32.78,V,22.53,V,20.97,V,16.41,V,21.25,V,22.69,V,21.98,V,20.34,V,18.6,V,18.15,V,17.37,V,18.3,V,19.34,V
8,Barcelona,19,Barcelona,57,110,2025,2,20,20.5,V,20.84,V,19.31,V,21.52,V,22.64,V,22.54,V,24.08,V,23.38,V,25.91,V,26.76,V,22.92,V,27.92,V,26.17,V,26.49,V,23.15,V,27.66,V,37.69,V,30.91,V,31.58,V,21.96,V,21.71,V,20.7,V,20.65,V,19.62,V
8,Barcelona,19,Barcelona,57,110,2025,2,21,18.52,V,17.05,V,16.66,V,16.46,V,16.78,V,15.9,V,14.89,V,16.92,V,27.55,V,24.8,V,18.78,V,25.08,V,22.66,V,25.33,V,22.31,V,23.57,V,25.52,V,37.62,V,25.75,V,25.05,V,25.97,V,26.93,V,26.06,V,22.45,V
8,Barcelona,19,Barcelona,57,110,2025,2,22,20.51,V,,N,,N,,N,,N,,N,,N,,N,,N,,N,,N,,N,,N,,N,,N,,N,,N,,N,,N,,N,,N,,N,,N,,N
8,Barcelona,19,Barcelona,4,10,2025,2,19,26.0,V,27.0,V,24.0,V,23.0,V,21.0,V,20.0,V,21.0,V,26.0,V,26.0,V,32.0,V,30.0,V,30.0,V,25.0,V,24.0,V,23.0,V,24.0,V,24.0,V,24.0,V,23.0,V,21.0,V,19.0,V,17.0,V,19.0,V,21.0,V
8,Barcelona,19,Barcelona,4,10,2025,2,20,20.0,V,20.0,V,20.0,V,20.0,V,22.0,V,23.0,V,24.0,V,24.0,V,23.0,V,20.0,V,21.0,V,26.0,V,22.0,V,20.0,V,20.0,V,18.0,V,20.0,V,26.0,V,24.0,V,24.0,V,22.0,V,22.0,V,18.0,V,16.0,V
8,Barcelona,19,Barcelona,4,10,2025,2,21,15.0,V,14.0,V,14.0,V,13.0,V,14.0,V,14.0,V,14.0,V,15.0,V,18.0,V,26.0,V,24.0,V,23.0,V,22.0,V,18.0,V,19.0,V,17.0,V,18.0,V,23.0,V,20.0,V,22.0,V,21.0,V,20.0,V,19.0,V,16.0,V
8,Barcelona,19,Barcelona,4,10,2025,2,22,16.0,V,,N,,N,,N,,N,,N,,N,,N,,N,,N,,N,,N,,N,,N,,N,,N,,N,,N,,N,,N,,N,,N,,N,,N
8,Barcelona,19,Barcelona,54,10,2025,2,19,17.0,V,18.0,V,23.0,V,25.0,V,22.0,V,25.0,V,27.0,V,29.0,V,26.0,V,26.0,V,22.0,V,25.0,V,22.0,V,18.0,V,19.0,V,20.0,V,20.0,V,21.0,V,20.0,V,19.0,V,20.0,V,22.0,V,20.0,V,20.0,V
8,Barcelona,19,Barcelona,54,10,2025,2,20,22.0,V,21.0,V,20.0,V,21.0,V,23.0,V,24.0,V,25.0,V,25.0,V,28.0,V,28.0,V,23.0,V,23.0,V,23.0,V,22.0,V,23.0,V,22.0,V,22.0,V,22.0,V,21.0,V,24.0,V,22.0,V,26.0,V,21.0,V,18.0,V
8,Barcelona,19,Barcelona,54,10,2025,2,21,18.0,V,16.0,V,16.0,V,14.0,V,15.0,V,14.0,V,16.0,V,17.0,V,20.0,V,25.0,V,24.0,V,23.0,V,22.0,V,24.0,V,22.0,V,25.0,V,27.0,V,28.0,V,26.0,V,25.0,V,27.0,V,26.0,V,24.0,V,25.0,V
8,Barcelona,19,Barcelona,54,10,2025,2,22,25.0,V,,N,,N,,N,,N,,N,,N,,N,,N,,N,,N,,N,,N,,N,,N,,N,,N,,N,,N,,N,,N,,N,,N,,N
8,Barcelona,19,Barcelona,43,9,2025,2,19,24.0,V,25.0,V,29.0,V,30.0,V,30.0,V,29.0,V,27.0,V,25.0,V,22.0,V,18.0,V,15.0,V,15.0,V,12.0,V,12.0,V,13.0,V,13.0,V,13.0,V,13.0,V,13.0,V,14.0,V,14.0,V,14.0,V,16.0,V,15.0,V
8,Barcelona,19,Barcelona,43,9,2025,2,20,16.0,V,17.0,V,15.0,V,15.0,V,15.0,V,16.0,V,16.0,V,16.0,V,16.0,V,15.0,V,13.0,V,15.0,V,14.0,V,14.0,V,14.0,V,14.0,V,13.0,V,15.0,V,15.0,V,14.0,V,14.0,V,16.0,V,15.0,V,14.0,V
8,Barcelona,19,Barcelona,43,9,2025,2,21,12.0,V,12.0,V,11.0,V,11.0,V,11.0,V,11.0,V,11.0,V,12.0,V,15.0,V,18.0,V,17.0,V,18.0,V,17.0,V,18.0,V,16.0,V,19.0,V,18.0,V,17.0,V,15.0,V,18.0,V,19.0,V,20.0,V,19.0,V,16.0,V
8,Barcelona,19,Barcelona,43,9,2025,2,22,15.0,V,,N,,N,,N,,N,,N,,N,,N,,N,,N,,N,,N,,N,,N,,N,,N,,N,,N,,N,,N,,N,,N,,N,,N
8,Barcelona,19,Barcelona,57,9,2025,2,19,10.0,V,11.0,V,19.0,V,20.0,V,16.0,V,15.0,V,15.0,V,16.0,V,18.0,V,13.0,V,11.0,V,14.0,V,11.0,V,11.0,V,10.0,V,12.0,V,13.0,V,13.0,V,12.0,V,12.0,V,12.0,V,12.0,V,13.0,V,14.0,V
8,Barcelona,19,Barcelona,57,9,2025,2,20,15.0,V,15.0,V,14.0,V,15.0,V,15.0,V,15.0,V,17.0,V,16.0,V,16.0,V,15.0,V,13.0,V,14.0,V,14.0,V,14.0,V,13.0,V,14.0,V,15.0,V,14.0,V,14.0,V,13.0,V,13.0,V,13.0,V,13.0,V,13.0,V
8,Barcelona,19,Barcelona,57,9,2025,2,21,13.0,V,13.0,V,13.0,V,14.0,V,14.0,V,12.0,V,12.0,V,12.0,V,16.0,V,17.0,V,15.0,V,17.0,V,16.0,V,17.0,V,15.0,V,15.0,V,15.0,V,17.0,V,14.0,V,15.0,V,16.0,V,18.0,V,18.0,V,16.0,V
8,Barcelona,19,Barcelona,57,9,2025,2,22,15.0,V,,N,,N,,N,,N,,N,,N,,N,,N,,N,,N,,N,,N,,N,,N,,N,,N,,N,,N,,N,,N,,N,,N,,N
8,Barcelona,19,Barcelona,57,109,2025,2,19,9.54,V,11.33,V,18.53,V,19.42,V,15.86,V,14.84,V,15.29,V,15.38,V,17.75,V,13.02,V,11.04,V,13.83,V,11.36,V,10.94,V,10.24,V,12.17,V,12.84,V,13.01,V,12.39,V,12.1,V,11.72,V,11.56,V,12.91,V,13.64,V
8,Barcelona,19,Barcelona,57,109,2025,2,20,14.81,V,14.75,V,13.76,V,14.84,V,15.28,V,15.45,V,16.63,V,15.44,V,15.69,V,14.89,V,12.69,V,13.92,V,13.87,V,13.89,V,13.0,V,13.94,V,14.65,V,13.96,V,14.4,V,12.78,V,12.4,V,12.88,V,13.03,V,12.94,V
8,Barcelona,19,Barcelona,57,109,2025,2,21,13.16,V,12.5,V,12.8,V,13.88,V,13.89,V,11.86,V,11.62,V,12.32,V,15.98,V,16.89,V,14.8,V,17.29,V,15.8,V,16.82,V,14.88,V,14.69,V,14.67,V,16.77,V,13.97,V,14.96,V,16.02,V,18.63,V,17.95,V,15.74,V
8,Barcelona,19,Barcelona,57,109,2025,2,22,14.58,V,,N,,N,,N,,N,,N,,N,,N,,N,,N,,N,,N,,N,,N,,N,,N,,N,,N,,N,,N,,N,,N,,N,,N
8,Barcelona,19,Barcelona,54,9,2025,2,19,11.0,V,12.0,V,17.0,V,18.0,V,18.0,V,21.0,V,22.0,V,22.0,V,19.0,V,18.0,V,15.0,V,14.0,V,13.0,V,10.0,V,11.0,V,12.0,V,12.0,V,12.0,V,12.0,V,12.0,V,12.0,V,14.0,V,14.0,V,14.0,V
8,Barcelona,19,Barcelona,54,9,2025,2,20,15.0,V,15.0,V,15.0,V,15.0,V,15.0,V,16.0,V,16.0,V,16.0,V,16.0,V,16.0,V,13.0,V,14.0,V,13.0,V,12.0,V,14.0,V,14.0,V,13.0,V,13.0,V,14.0,V,15.0,V,14.0,V,16.0,V,15.0,V,13.0,V
8,Barcelona,19,Barcelona,54,9,2025,2,21,12.0,V,12.0,V,12.0,V,12.0,V,12.0,V,11.0,V,12.0,V,12.0,V,14.0,V,18.0,V,17.0,V,17.0,V,16.0,V,16.0,V,15.0,V,15.0,V,16.0,V,16.0,V,16.0,V,16.0,V,18.0,V,18.0,V,17.0,V,17.0,V
8,Barcelona,19,Barcelona,54,9,2025,2,22,16.0,V,,N,,N,,N,,N,,N,,N,,N,,N,,N,,N,,N,,N,,N,,N,,N,,N,,N,,N,,N,,N,,N,,N,,N
8,Barcelona,19,Barcelona,43,901,2025,2,19,0.0,V,0.0,V,0.0,V,0.0,V,0.0,V,0.0,V,0.0,V,0.0,V,0.0,V,0.0,V,0.0,V,0.0,V,0.0,V,0.0,V,0.0,V,0.0,V,0.0,V,0.0,V,0.0,V,0.0,V,0.0,V,0.0,V,0.0,V,0.0,V
8,Barcelona,19,Barcelona,43,901,2025,2,20,0.0,V,0.0,V,0.0,V,0.0,V,0.0,V,0.0,V,0.0,V,0.0,V,0.0,V,0.0,V,0.0,V,0.0,V,0.0,V,0.0,V,0.0,V,0.0,V,0.0,V,0.0,V,0.0,V,0.0,V,0.0,V,0.0,V,0.0,V,29.0,V
8,Barcelona,19,Barcelona,43,901,2025,2,21,785.0,V,0.0,V,0.0,V,0.0,V,0.0,V,0.0,V,0.0,V,0.0,V,0.0,V,0.0,V,0.0,V,0.0,V,0.0,V,0.0,V,0.0,V,0.0,V,0.0,V,0.0,V,0.0,V,0.0,V,0.0,V,0.0,V,0.0,V,0.0,V
8,Barcelona,19,Barcelona,43,901,2025,2,22,0.0,V,,N,,N,,N,,N,,N,,N,,N,,N,,N,,N,,N,,N,,N,,N,,N,,N,,N,,N,,N,,N,,N,,N,,N
8,Barcelona,19,Barcelona,54,901,2025,2,19,0.0,V,0.0,V,0.0,V,0.0,V,0.0,V,0.0,V,0.0,V,0.0,V,0.0,V,0.0,V,0.0,V,,N,,N,0.0,V,0.0,V,0.0,V,0.0,V,0.0,V,0.0,V,0.0,V,0.0,V,0.0,V,0.0,V,0.0,V
8,Barcelona,19,Barcelona,54,901,2025,2,20,0.0,V,0.0,V,0.0,V,0.0,V,0.0,V,0.0,V,0.0,V,0.0,V,0.0,V,0.0,V,0.0,V,0.0,V,0.0,V,0.0,V,0.0,V,0.0,V,0.0,V,0.0,V,0.0,V,0.0,V,0.0,V,0.0,V,0.0,V,63.0,V
8,Barcelona,19,Barcelona,54,901,2025,2,21,757.0,V,0.0,V,0.0,V,0.0,V,0.0,V,0.0,V,0.0,V,0.0,V,0.0,V,0.0,V,0.0,V,0.0,V,0.0,V,0.0,V,0.0,V,0.0,V,0.0,V,0.0,V,0.0,V,0.0,V,0.0,V,0.0,V,0.0,V,0.0,V
8,Barcelona,19,Barcelona,54,901,2025,2,22,0.0,V,,N,,N,,N,,N,,N,,N,,N,,N,,N,,N,,N,,N,,N,,N,,N,,N,,N,,N,,N,,N,,N,,N,,N
8,Barcelona,19,Barcelona,43,1,2025,2,19,1.0,V,1.0,V,1.0,V,1.0,V,1.0,V,1.0,V,1.0,V,1.0,V,1.0,V,1.0,V,1.0,V,1.0,V,1.0,V,1.0,V,1.0,V,1.0,V,1.0,V,1.0,V,1.0,V,1.0,V,1.0,V,1.0,V,1.0,V,1.0,V
8,Barcelona,19,Barcelona,43,1,2025,2,20,1.0,V,1.0,V,1.0,V,1.0,V,1.0,V,1.0,V,1.0,V,1.0,V,1.0,V,1.0,V,1.0,V,1.0,V,1.0,V,1.0,V,1.0,V,1.0,V,1.0,V,1.0,V,1.0,V,1.0,V,1.0,V,1.0,V,1.0,V,1.0,V
8,Barcelona,19,Barcelona,43,1,2025,2,21,1.0,V,1.0,V,1.0,V,1.0,V,1.0,V,1.0,V,1.0,V,1.0,V,1.0,V,1.0,V,1.0,V,1.0,V,1.0,V,1.0,V,1.0,V,1.0,V,1.0,V,1.0,V,1.0,V,1.0,V,1.0,V,1.0,V,1.0,V,1.0,V
8,Barcelona,19,Barcelona,43,1,2025,2,22,1.0,V,,N,,N,,N,,N,,N,,N,,N,,N,,N,,N,,N,,N,,N,,N,,N,,N,,N,,N,,N,,N,,N,,N,,N
8,Barcelona,19,Barcelona,44,1,2025,2,19,1.0,V,1.0,V,1.0,V,1.0,V,1.0,V,1.0,V,1.0,V,1.0,V,1.0,V,1.0,V,1.0,V,1.0,V,1.0,V,1.0,V,1.0,V,1.0,V,1.0,V,1.0,V,1.0,V,1.0,V,2.0,V,1.0,V,1.0,V,1.0,V
8,Barcelona,19,Barcelona,44,1,2025,2,20,1.0,V,1.0,V,1.0,V,1.0,V,1.0,V,1.0,V,1.0,V,1.0,V,1.0,V,1.0,V,,N,,N,2.0,V,1.0,V,1.0,V,1.0,V,1.0,V,1.0,V,1.0,V,1.0,V,1.0,V,1.0,V,2.0,V,2.0,V
8,Barcelona,19,Barcelona,44,1,2025,2,21,1.0,V,2.0,V,1.0,V,1.0,V,2.0,V,2.0,V,1.0,V,1.0,V,2.0,V,2.0,V,1.0,V,2.0,V,2.0,V,2.0,V,2.0,V,2.0,V,2.0,V,2.0,V,2.0,V,1.0,V,1.0,V,2.0,V,2.0,V,1.0,V
8,Barcelona,19,Barcelona,44,1,2025,2,22,2.0,V,,N,,N,,N,,N,,N,,N,,N,,N,,N,,N,,N,,N,,N,,N,,N,,N,,N,,N,,N,,N,,N,,N,,N
8,Barcelona,19,Barcelona,57,1,2025,2,19,2.0,V,2.0,V,2.0,V,2.0,V,2.0,V,2.0,V,2.0,V,2.0,V,2.0,V,2.0,V,2.0,V,2.0,V,2.0,V,1.0,V,2.0,V,2.0,V,2.0,V,2.0,V,2.0,V,2.0,V,2.0,V,2.0,V,2.0,V,2.0,V
8,Barcelona,19,Barcelona,57,1,2025,2,20,2.0,V,2.0,V,2.0,V,2.0,V,2.0,V,2.0,V,2.0,V,2.0,V,2.0,V,2.0,V,2.0,V,,N,,N,,N,,N,2.0,V,2.0,V,2.0,V,2.0,V,2.0,V,1.0,V,1.0,V,1.0,V,2.0,V
8,Barcelona,19,Barcelona,57,1,2025,2,21,1.0,V,1.0,V,1.0,V,1.0,V,2.0,V,1.0,V,1.0,V,2.0,V,1.0,V,1.0,V,2.0,V,1.0,V,1.0,V,1.0,V,1.0,V,2.0,V,1.0,V,1.0,V,1.0,V,1.0,V,1.0,V,1.0,V,1.0,V,2.0,V
8,Barcelona,19,Barcelona,57,1,2025,2,22,2.0,V,,N,,N,,N,,N,,N,,N,,N,,N,,N,,N,,N,,N,,N,,N,,N,,N,,N,,N,,N,,N,,N,,N,,N
8,Barcelona,19,Barcelona,57,101,2025,2,19,1.16,V,1.7,V,1.53,V,1.72,V,1.46,V,1.63,V,1.61,V,1.6,V,2.05,V,1.63,V,1.42,V,1.57,V,1.77,V,1.36,V,1.45,V,1.65,V,1.71,V,1.68,V,1.62,V,1.95,V,1.88,V,1.48,V,1.64,V,1.62,V
8,Barcelona,19,Barcelona,57,101,2025,2,20,1.64,V,1.6,V,1.78,V,1.6,V,1.53,V,1.47,V,1.72,V,1.77,V,1.67,V,1.7,V,1.63,V,,N,,N,,N,,N,1.54,V,1.47,V,1.41,V,1.38,V,1.18,V,0.93,V,1.19,V,1.0,V,1.35,V
8,Barcelona,19,Barcelona,57,101,2025,2,21,1.26,V,1.14,V,1.01,V,0.92,V,1.18,V,1.15,V,1.03,V,1.42,V,1.27,V,1.11,V,1.3,V,1.04,V,1.27,V,1.25,V,1.29,V,1.32,V,1.0,V,0.82,V,1.11,V,1.05,V,1.13,V,1.03,V,1.0,V,1.43,V
8,Barcelona,19,Barcelona,57,101,2025,2,22,1.09,V,,N,,N,,N,,N,,N,,N,,N,,N,,N,,N,,N,,N,,N,,N,,N,,N,,N,,N,,N,,N,,N,,N,,N
8,Barcelona,19,Barcelona,54,1,2025,2,19,1.0,V,2.0,V,2.0,V,1.0,V,1.0,V,2.0,V,2.0,V,2.0,V,2.0,V,2.0,V,2.0,V,,N,,N,2.0,V,2.0,V,2.0,V,2.0,V,2.0,V,2.0,V,2.0,V,2.0,V,2.0,V,2.0,V,2.0,V
8,Barcelona,19,Barcelona,54,1,2025,2,20,2.0,V,2.0,V,2.0,V,2.0,V,2.0,V,2.0,V,2.0,V,2.0,V,2.0,V,2.0,V,2.0,V,2.0,V,2.0,V,,N,,N,,N,2.0,V,2.0,V,2.0,V,2.0,V,2.0,V,2.0,V,2.0,V,2.0,V
8,Barcelona,19,Barcelona,54,1,2025,2,21,2.0,V,2.0,V,2.0,V,2.0,V,2.0,V,2.0,V,2.0,V,2.0,V,2.0,V,2.0,V,2.0,V,2.0,V,2.0,V,2.0,V,2.0,V,2.0,V,2.0,V,2.0,V,2.0,V,2.0,V,2.0,V,2.0,V,2.0,V,2.0,V
8,Barcelona,19,Barcelona,54,1,2025,2,22,2.0,V,,N,,N,,N,,N,,N,,N,,N,,N,,N,,N,,N,,N,,N,,N,,N,,N,,N,,N,,N,,N,,N,,N,,N
